-- phpMyAdmin SQL Dump
-- version 4.8.2
-- https://www.phpmyadmin.net/
--
-- Host: 127.0.0.1
-- Generation Time: Aug 07, 2018 at 05:59 AM
-- Server version: 10.1.34-MariaDB
-- PHP Version: 7.2.7

SET SQL_MODE = "NO_AUTO_VALUE_ON_ZERO";
SET AUTOCOMMIT = 0;
START TRANSACTION;
SET time_zone = "+00:00";


/*!40101 SET @OLD_CHARACTER_SET_CLIENT=@@CHARACTER_SET_CLIENT */;
/*!40101 SET @OLD_CHARACTER_SET_RESULTS=@@CHARACTER_SET_RESULTS */;
/*!40101 SET @OLD_COLLATION_CONNECTION=@@COLLATION_CONNECTION */;
/*!40101 SET NAMES utf8mb4 */;

--
-- Database: `db_telacc`
--

-- --------------------------------------------------------

--
-- Table structure for table `bast`
--

CREATE TABLE `bast` (
  `BAST_ID` int(11) NOT NULL,
  `BAST_TANGGAL` date NOT NULL,
  `BAST_NO` int(11) NOT NULL,
  `BAST_TIMESTAMP` timestamp NOT NULL DEFAULT CURRENT_TIMESTAMP ON UPDATE CURRENT_TIMESTAMP,
  `BAST_WODE_ID` int(11) NOT NULL,
  `BAST_INST_ID` int(11) NOT NULL,
  `BAST_SPTL_ID` int(11) NOT NULL
) ENGINE=InnoDB DEFAULT CHARSET=latin1;

-- --------------------------------------------------------

--
-- Table structure for table `instalasi`
--

CREATE TABLE `instalasi` (
  `INST_ID` int(11) NOT NULL,
  `INST_MATERIAL` int(11) NOT NULL,
  `INST_JASA` int(11) NOT NULL,
  `INST_TOTAL` int(11) NOT NULL,
  `INST_ODP` int(11) NOT NULL,
  `INST_PROGRES` text NOT NULL,
  `INST_KENDALA` text NOT NULL,
  `INST_DOKUMENTASI` text NOT NULL,
  `INST_TANGGAL` date NOT NULL,
  `INST_TARGET` date NOT NULL,
  `INST_TIMESTAMP` timestamp NOT NULL DEFAULT CURRENT_TIMESTAMP ON UPDATE CURRENT_TIMESTAMP,
  `INST_WODE_ID` int(11) NOT NULL,
  `INST_MTRA_ID` int(11) NOT NULL,
  `INST_PEGA_ID` int(11) NOT NULL,
  `INST_WTEL_ID` int(11) NOT NULL,
  `INST_SWIT_ID` int(11) NOT NULL,
  `INST_PROG_ID` int(11) NOT NULL,
  `INST_STIN_ID` int(11) NOT NULL
) ENGINE=InnoDB DEFAULT CHARSET=latin1;

-- --------------------------------------------------------

--
-- Table structure for table `level`
--

CREATE TABLE `level` (
  `LEVE_ID` int(11) NOT NULL,
  `LEVE_NAME` varchar(100) NOT NULL
) ENGINE=InnoDB DEFAULT CHARSET=latin1;

--
-- Dumping data for table `level`
--

INSERT INTO `level` (`LEVE_ID`, `LEVE_NAME`) VALUES
(1, 'SUPER USER'),
(2, 'ADMIN WORK ORDER'),
(3, 'ADMIN SURVEY'),
(4, 'ADMIN INSTALASI'),
(5, 'ADMIN BAST');

-- --------------------------------------------------------

--
-- Table structure for table `mitra`
--

CREATE TABLE `mitra` (
  `MTRA_ID` int(11) NOT NULL,
  `MTRA_NAME` varchar(100) NOT NULL
) ENGINE=InnoDB DEFAULT CHARSET=latin1;

-- --------------------------------------------------------

--
-- Table structure for table `pegawai`
--

CREATE TABLE `pegawai` (
  `PEGA_ID` int(11) NOT NULL,
  `PEGA_NAME` varchar(100) NOT NULL,
  `PEGA_NIK` int(11) NOT NULL,
  `PEGA_PSA` varchar(100) NOT NULL,
  `PEGA_ID_OBJ` varchar(50) NOT NULL,
  `PEGA_WTEL_ID` int(11) NOT NULL
) ENGINE=InnoDB DEFAULT CHARSET=latin1;

--
-- Dumping data for table `pegawai`
--

INSERT INTO `pegawai` (`PEGA_ID`, `PEGA_NAME`, `PEGA_NIK`, `PEGA_PSA`, `PEGA_ID_OBJ`, `PEGA_WTEL_ID`) VALUES
(1, 'SUDO', 1, '1', '1', 1),
(2, 'SIGIT SHALAKO ABDURAJAK', 690293, 'BANDUNG', '\'30030400000000000', 1),
(3, '-', 0, 'BANDUNG', '\'30030400100000000', 1),
(4, 'NURINDRIYAN BINTANG PAMUNGKAS', 925601, 'BANDUNG', '\'30030400101000000', 1),
(5, 'MUHAMMAD RIZAL ALIY ZULFANNIY', 925763, 'BANDUNG', '\'30030400101000100', 1),
(6, 'RAMA RACHMATULLAH', 18820018, 'BANDUNG', '\'30030400101000101', 1),
(7, 'RADEN PANJI PRASETIA WIRAKUSUMAH', 86150029, 'BANDUNG', '\'30030400101000102', 1),
(8, 'KRISNANDA AUDISTRIA SAPUTRA', 17940284, 'BANDUNG', '\'30030400101000103', 1),
(9, 'MULYA SETIA YUDHA', 76160006, 'BANDUNG', '\'30030400200000000', 1),
(10, 'NINA FAUZIAH MUNAWAROH', 18940110, 'BANDUNG', '\'30030400201000100', 1),
(11, '-', 0, 'BANDUNG', '\'30030400201000101', 1),
(12, 'ARIYANA PARDINA', 90154143, 'BANDUNG', '\'30030400201000102', 1),
(13, 'TIKA HILDAYANTI', 94132146, 'BANDUNG', '\'30030400201000103', 1),
(14, 'ULFAH MUTHIA FANI', 18960522, 'BANDUNG', '\'30030400201000104', 1),
(15, 'INDANA SAKINAH', 925772, 'BANDUNG', '\'30030400201000200', 1),
(16, '-', 0, 'BANDUNG', '\'30030400201000201', 1),
(17, 'VALRINNO RIFQIA NOVADEANSYAH', 92154942, 'BANDUNG', '\'30030400201000202', 1),
(18, 'AYU SRI RAHAYU', 97160123, 'TASIKMALAYA', '\'30030400201000203', 2),
(19, 'NOVI ISNANDAR SE', 80180002, 'BANDUNG', '\'30030400300000000', 1),
(20, 'ARFAN RIYADHI AMARULLAH', 955071, 'BANDUNG', '\'30030400301000000', 1),
(21, '-', 0, 'BANDUNG BARAT', '\'30030400301000100', 3),
(22, 'WAWAN SETIAWAN', 18950732, 'BANDUNG', '\'30030400301000101', 1),
(23, 'ALDHI RESTU PUTRA', 95153526, 'BANDUNG', '\'30030400301000102', 1),
(24, 'SEPTIAN INGGIT HERAWAN', 92170417, 'BANDUNG', '\'30030400301000103', 1),
(25, 'HAFID NUGROHO', 99170434, 'BANDUNG', '\'30030400301000104', 1),
(26, 'AHMAD RAMDANI', 95150219, 'BANDUNG BARAT', '\'30030400301000105', 3),
(27, 'REZA SAGARA', 18920196, 'BANDUNG', '\'30030400301000106', 1),
(28, 'GURUH GUMILAR', 95150224, 'BANDUNG', '\'30030400301000107', 1),
(29, 'JERRY SEPTIAN', 18970323, 'BANDUNG', '\'30030400301000108', 1),
(30, 'DAVID MULYANA', 95160282, 'BANDUNG', '\'30030400301000109', 1),
(31, 'STEFANUS DWI KRESNAHADI', 906259, 'BANDUNG', '\'30030400301000200', 1),
(32, 'FAJAR SENJAYA', 96160356, 'BANDUNG', '\'30030400301000201', 1),
(33, 'ARI SAPUTRA', 96150295, 'BANDUNG', '\'30030400301000202', 1),
(34, 'TEDI IRAWAN', 96170527, 'BANDUNG', '\'30030400301000203', 1),
(35, 'WANGSA LUTFI ABDUL GANI', 18990401, 'BANDUNG BARAT', '\'30030400301000204', 3),
(36, 'DEBBY ARDIANSYAH', 97150326, 'BANDUNG BARAT', '\'30030400301000205', 3),
(37, 'ADITYA PRASETYO', 18930383, 'BANDUNG', '\'30030400301000206', 1),
(38, 'NIKI MARTIAN SUHAMSYAH', 95170531, 'BANDUNG', '\'30030400301000207', 1),
(39, 'FAUZI FATUROHMAN', 97157906, 'BANDUNG', '\'30030400301000208', 1),
(40, 'FIKRI SAEFULLOH', 18990136, 'BANDUNG', '\'30030400301000209', 1),
(41, 'FALAQ ALAQ MULUK', 18930320, 'BANDUNG', '\'30030400301000300', 1),
(42, '-', 0, 'BANDUNG', '\'30030400301000301', 1),
(43, 'NURKHOLIS SULFIQIH', 96157909, 'BANDUNG', '\'30030400301000302', 1),
(44, 'HAMDANI KURNIAWAN', 92150200, 'BANDUNG', '\'30030400301000303', 1),
(45, 'ALBERT FERDINAND MONDONG', 99180232, 'BANDUNG BARAT', '\'30030400301000304', 3),
(46, 'HENDRA YANUAR', 94150200, 'BANDUNG', '\'30030400301000305', 1),
(47, 'MUHAMMAD RAFI EL HAKIM', 97150324, 'BANDUNG', '\'30030400301000306', 1),
(48, 'TRAVERTIN SAPUTRA', 18930382, 'BANDUNG', '\'30030400301000307', 1),
(49, 'ARIE ARDIANA HIDAYATULLOH', 95150227, 'BANDUNG', '\'30030400301000308', 1),
(50, 'FAISAL ANUGRAH', 18960619, 'BANDUNG', '\'30030400301000309', 1),
(51, 'JACK PRATAMA', 18940598, 'BANDUNG BARAT', '\'30030400301000310', 3),
(52, 'DANI IBRAHIM', 92150201, 'BANDUNG', '\'30030400301000311', 1),
(53, 'FIKRY NOOR RAMADHAN', 92151510, 'BANDUNG', '\'30030400301000400', 1),
(54, 'RIZKI KOIRUNNISA', 95155272, 'BANDUNG', '\'30030400301000401', 1),
(55, 'RAMDHANI SANUSI', 18960620, 'BANDUNG BARAT', '\'30030400301000402', 3),
(56, 'DINI SUCI ARIANI', 18960622, 'BANDUNG', '\'30030400301000403', 1),
(57, 'LUTHFI RAMADHAN', 92150203, 'BANDUNG BARAT', '\'30030400301000404', 3),
(58, 'OTEP BASKARA', 91150137, 'BANDUNG', '\'30030400301000405', 1),
(59, 'DICKY MOCHAMAD RIZAL', 97150323, 'BANDUNG BARAT', '\'30030400301000406', 3),
(60, 'TOMI SAPUTRA', 18950731, 'BANDUNG', '\'30030400301000407', 1),
(61, 'YULIAN ARYANTI', 17900200, 'BANDUNG', '\'30030400301000408', 1),
(62, 'BETA DWI ANGGARA', 17910226, 'BANDUNG', '\'30030400301000409', 1),
(63, 'RIZAL FADLILLAH IKHSAN', 93151528, 'BANDUNG BARAT', '\'30030400301000410', 3),
(64, 'JUNIAR TRI SYAFITRI', 17870128, 'BANDUNG BARAT', '\'30030400301000411', 3),
(65, 'ALAN SARENA', 18910202, 'BANDUNG', '\'30030400302000100', 1),
(66, 'ANITA PURNAMASARI', 95155068, 'BANDUNG', '\'30030400302000101', 1),
(67, 'HERMANSYAH', 18920270, 'BANDUNG', '\'30030400302000102', 1),
(68, 'RAMBARA HERDINA PUTRA', 97157911, 'BANDUNG', '\'30030400302000103', 1),
(69, 'ROHMAT AHDIYAT', 93150184, 'BANDUNG', '\'30030400302000104', 1),
(70, 'REZKI SYAFRIANTO', 925622, 'BANDUNG', '\'30030400302000200', 1),
(71, 'FARIDHA RAHMAWATI', 91140509, 'BANDUNG', '\'30030400302000201', 1),
(72, 'WILLY RAMADHAN SUGANDI', 18910138, 'BANDUNG', '\'30030400302000202', 1),
(73, 'DEDE ROCHMAT JAYANUDIN', 95151799, 'BANDUNG', '\'30030400302000203', 1),
(74, 'MOCH. TAUFIK AKBAR', 91152372, 'BANDUNG', '\'30030400302000204', 1),
(75, 'AZMY FARHAN', 955154, 'BANDUNG', '\'30030400302000300', 1),
(76, 'ARIEF SETIAWAN', 18920271, 'BANDUNG', '\'30030400302000301', 1),
(77, 'ARIEF HERMAWAN S', 18960521, 'BANDUNG', '\'30030400302000302', 1),
(78, 'ALEX KARMANA', 89151795, 'BANDUNG', '\'30030400302000303', 1),
(79, 'RENDI MUCHAMAD RIZKA', 93151803, 'BANDUNG', '\'30030400302000304', 1),
(80, 'RICKY ARDIANSYAH', 92150202, 'BANDUNG', '\'30030400302000305', 1),
(81, 'EGA LAILATUL QODAR', 89160071, 'BANDUNG', '\'30030400302000306', 1),
(82, 'ANDRI HIDAYATTULOH', 96160438, 'BANDUNG', '\'30030400302000307', 1),
(83, 'ASEP SOLIHIN', 73151796, 'BANDUNG', '\'30030400302000308', 1),
(84, 'BAGUS PERMANA', 92151797, 'BANDUNG', '\'30030400302000309', 1),
(85, 'SIGIT PRIYO PRAYOGO', 17900505, 'BANDUNG', '\'30030400302000400', 1),
(86, 'AHMAD NAASHIRUDDIN', 96157383, 'BANDUNG', '\'30030400302000401', 1),
(87, 'SAEFUL ANWAR', 91151806, 'BANDUNG', '\'30030400302000402', 1),
(88, 'MOCH.RIZAL PRANATA', 95152333, 'BANDUNG', '\'30030400302000403', 1),
(89, 'EGI SEPTIAN', 96157393, 'BANDUNG', '\'30030400302000404', 1),
(90, 'WAHYU KURNIAWAN', 93157430, 'BANDUNG', '\'30030400302000405', 1),
(91, 'RYAN FADLY SUGANDA', 91151805, 'BANDUNG', '\'30030400302000406', 1),
(92, 'HADI PURNAMA', 90152371, 'BANDUNG', '\'30030400302000407', 1),
(93, 'DANE KURNIA PUTRA', 18840033, 'BANDUNG', '\'30030400302000500', 1),
(94, 'ANDRI WIRATMANA', 96159141, 'BANDUNG', '\'30030400302000501', 1),
(95, 'LUKMAN HIDAYATULLOH', 18900154, 'BANDUNG', '\'30030400302000600', 1),
(96, 'HENOCK JUNIOR', 96156187, 'BANDUNG', '\'30030400302000601', 1),
(97, 'GILAR ANDALAS', 93151800, 'BANDUNG', '\'30030400302000602', 1),
(98, 'RIANDANI PUTRA', 95150220, 'BANDUNG', '\'30030400302000603', 1),
(99, 'TRI MAHLIL MUSHTOFA', 94156089, 'BANDUNG', '\'30030400302000604', 1),
(100, 'ROBY ISMAIL ADI PUTRA', 97157424, 'BANDUNG', '\'30030400302000605', 1),
(101, '-', 0, 'CIREBON', '\'30030400400000000', 4),
(102, 'ARDIYANSYAH WAHID GUMELAR', 18960617, 'TASIKMALAYA', '\'30030400401000100', 2),
(103, 'ERIS RUSWANDI', 90154850, 'TASIKMALAYA', '\'30030400401000101', 2),
(104, 'MUHAMMAD YUSUF USTAZJI', 18990495, 'TASIKMALAYA', '\'30030400401000102', 2),
(105, 'SELAMET FIRDAUS', 94157903, 'TASIKMALAYA', '\'30030400401000103', 2),
(106, 'RISKI NURALAM', 96157905, 'TASIKMALAYA', '\'30030400401000104', 2),
(107, 'ADI RAHMAT', 93140333, 'TASIKMALAYA', '\'30030400401000105', 2),
(108, 'UJANG HOER', 95150333, 'TASIKMALAYA', '\'30030400401000106', 2),
(109, 'ANDI RIANA', 97150465, 'TASIKMALAYA', '\'30030400401000107', 2),
(110, 'YUDHA WAHYU FAJAR MUTTAQIN', 90153851, 'TASIKMALAYA', '\'30030400401000108', 2),
(111, 'NUR HOLIQ AZIZ', 92151098, 'TASIKMALAYA', '\'30030400401000200', 2),
(112, 'DEFRYANSYAH AMBARI', 18960598, 'TASIKMALAYA', '\'30030400401000201', 2),
(113, 'RISWANDI SAPUTRA', 96150427, 'TASIKMALAYA', '\'30030400401000202', 2),
(114, 'EDWIN HUSNI MUBAROK', 97150468, 'TASIKMALAYA', '\'30030400401000203', 2),
(115, 'YOGA LUKMAN PRAYOGA', 95150331, 'TASIKMALAYA', '\'30030400401000204', 2),
(116, 'DWI WAHYU SEPTIANA', 95150332, 'TASIKMALAYA', '\'30030400401000205', 2),
(117, 'AJI HARDIANSYAH', 97150467, 'TASIKMALAYA', '\'30030400401000206', 2),
(118, 'ERWIN MEI ALVIAN', 93150295, 'TASIKMALAYA', '\'30030400401000207', 2),
(119, 'YUNIAR BAGAS YUDHA RINDA PRADANA', 97157904, 'TASIKMALAYA', '\'30030400401000208', 2),
(120, 'AGUNG ANDRIANTO', 90151496, 'TASIKMALAYA', '\'30030400401000300', 2),
(121, 'ARIP RAHMATULLOH', 17890183, 'TASIKMALAYA', '\'30030400401000301', 2),
(122, 'HENDRA ADRIANTO SUKMANA', 92151516, 'TASIKMALAYA', '\'30030400401000302', 2),
(123, 'GINGIN WINAJAR', 92150313, 'TASIKMALAYA', '\'30030400401000303', 2),
(124, 'RIYAN RIZKY AMBORO', 916008, 'CIREBON', '\'30030400402000100', 4),
(125, 'ANTON HANANTO', 77153870, 'CIREBON', '\'30030400402000101', 4),
(126, 'M JAMAL', 94150203, 'CIREBON', '\'30030400402000102', 4),
(127, 'M ROKHMAT', 90157914, 'CIREBON', '\'30030400402000103', 4),
(128, 'JANUDIN', 92157912, 'CIREBON', '\'30030400402000104', 4),
(129, 'INDRA', 92157913, 'CIREBON', '\'30030400402000105', 4),
(130, 'WILDAN KOSASIH', 95157915, 'CIREBON', '\'30030400402000106', 4),
(131, 'FIKRI KRESNANDI FAHRULROZI', 93150302, 'CIREBON', '\'30030400402000107', 4),
(132, 'DWI ANGGI RIYANTO', 93155564, 'CIREBON', '\'30030400402000200', 4),
(133, 'MUKTOYIB', 78151677, 'CIREBON', '\'30030400402000201', 4),
(134, 'JAKHIYUL IRFAN', 94155340, 'CIREBON', '\'30030400402000202', 4),
(135, 'KHOFID', 90155404, 'CIREBON', '\'30030400402000203', 4),
(136, 'RISMANTO', 83155447, 'CIREBON', '\'30030400402000204', 4),
(137, 'NUR MUHAMAD RIDWAN', 96155501, 'CIREBON', '\'30030400402000205', 4),
(138, 'ANDRI SUSANTO', 90150179, 'CIREBON', '\'30030400402000206', 4),
(139, 'CASNANTO', 92150315, 'CIREBON', '\'30030400402000207', 4),
(140, 'SUSBANDIAH', 76153099, 'CIREBON', '\'30030400402000300', 4),
(141, 'ANISTI RIANDANNY', 93170474, 'CIREBON', '\'30030400402000301', 4),
(142, 'MUHAMMAD NASUHA', 97150052, 'CIREBON', '\'30030400402000302', 4),
(143, 'SAEFUDIN SETIADI', 91155448, 'CIREBON', '\'30030400402000303', 4),
(144, 'ALWAN AZI SUPYAN ARIFIN', 95153101, 'CIREBON', '\'30030400402000304', 4),
(145, 'TAOFIQ YUSUP', 18810008, 'CIREBON', '\'30030400402000305', 4),
(146, 'NICO HAMMADY FAJRI', 17910232, 'CIREBON', '\'30030400402000400', 4),
(147, 'DADANG KUSNANDAR', 87153113, 'CIREBON', '\'30030400402000401', 4),
(148, 'CECEP MASDI', 92151678, 'CIREBON', '\'30030400402000402', 4),
(149, 'RASTO RANO', 89153426, 'CIREBON', '\'30030400402000403', 4),
(150, 'AZHARY AGUNG KURNIA', 925598, 'TASIKMALAYA', '\'30030400403000000', 2),
(151, 'EDI PIRMANDI', 72155598, 'TASIKMALAYA', '\'30030400403000100', 2),
(152, 'PUNGKY PURNOMO ALISUFI', 76150002, 'TASIKMALAYA', '\'30030400403000101', 2),
(153, 'IMAN ERI PRASETYO', 955066, 'TASIKMALAYA', '\'30030400403000200', 2),
(154, 'RAMDAN JAYADI', 93151555, 'TASIKMALAYA', '\'30030400403000201', 2),
(155, 'ERDO EVRIZO TAMA', 925607, 'CIREBON', '\'30030400404000100', 4),
(156, 'M. BAYU NURJAMAN B', 90160060, 'CIREBON', '\'30030400404000101', 4),
(157, 'AZMI RIFAI', 96153125, 'CIREBON', '\'30030400404000102', 4),
(158, 'WAWAN SETIAWAN', 80158497, 'CIREBON', '\'30030400404000103', 4),
(159, 'NURYAMAN', 85158496, 'CIREBON', '\'30030400404000104', 4),
(160, 'ADHI KUSNUL MAULANA', 18930189, 'CIREBON', '\'30030400404000105', 4),
(161, 'ABDURAHMAN', 795778, 'CIREBON', '\'30030400404000200', 4),
(162, 'MOHAMAD WAWAN IKHWANTO', 17750328, 'CIREBON', '\'30030400404000201', 4),
(163, 'AZHAR RAFSANJANI', 92151681, 'CIREBON', '\'30030400404000202', 4),
(164, 'AJI SUMARSONO', 96160010, 'CIREBON', '\'30030400404000203', 4),
(165, 'R. BUDIMAN', 641814, 'KARAWANG', '\'30030400500000000', 5),
(166, 'UTAMA GYRI WIJAYA', 18910091, 'KARAWANG', '\'30030400501000000', 5),
(167, 'EKO PUTRO PRABOWO', 17890165, 'KARAWANG', '\'30030400501000100', 5),
(168, 'EDWIN PRAMA YUDA', 89150003, 'KARAWANG', '\'30030400501000101', 5),
(169, 'IIM IBRAHIM', 90150022, 'KARAWANG', '\'30030400501000102', 5),
(170, 'GILANG RAMADHAN', 97150327, 'KARAWANG', '\'30030400501000103', 5),
(171, 'AJAT SUDRAJAT', 92150204, 'KARAWANG', '\'30030400501000104', 5),
(172, 'AGUSPURWANTO', 90150117, 'KARAWANG', '\'30030400501000105', 5),
(173, 'AHMAD FAUZI', 96150297, 'KARAWANG', '\'30030400501000106', 5),
(174, 'JUPRI', 91150138, 'KARAWANG', '\'30030400501000107', 5),
(175, 'RAFIQ KHAIRY', 98160171, 'KARAWANG', '\'30030400501000108', 5),
(176, 'HILMANUDIN AJI', 95150001, 'KARAWANG', '\'30030400501000109', 5),
(177, 'DAHLIA', 93153895, 'KARAWANG', '\'30030400501000200', 5),
(178, 'RINI ANDRIANI', 92170059, 'KARAWANG', '\'30030400501000201', 5),
(179, 'FIRMAN AHMAD N.F', 92151511, 'KARAWANG', '\'30030400501000202', 5),
(180, 'ARIO BASKORO YUDA', 93153566, 'KARAWANG', '\'30030400501000203', 5),
(181, 'RIFAI', 93160323, 'KARAWANG', '\'30030400501000204', 5),
(182, 'MUHAMAD TAHLIL RIDLA GUMILANG', 815820, 'SUKABUMI', '\'30030400502000000', 6),
(183, 'EGY BAMBANG SUGILAR', 74151914, 'SUKABUMI', '\'30030400502000100', 6),
(184, 'MUHAMMAD YOGA', 97150079, 'SUKABUMI', '\'30030400502000101', 6),
(185, 'DENI ANDRIA', 94150186, 'SUKABUMI', '\'30030400502000102', 6),
(186, 'FERDY WIDIANSYAH', 90150108, 'SUKABUMI', '\'30030400502000103', 6),
(187, 'R MUHAMMAD BAMBANG GUMILAR', 96157916, 'SUKABUMI', '\'30030400502000104', 6),
(188, 'AGUNG PRATAMA', 93150041, 'SUKABUMI', '\'30030400502000105', 6),
(189, 'M AGUS AKHIRULLAH', 96150079, 'SUKABUMI', '\'30030400502000106', 6),
(190, 'RIAN YUSUF', 91150037, 'SUKABUMI', '\'30030400502000107', 6),
(191, 'ILHAM ANDRIANSYAH', 90150030, 'SUKABUMI', '\'30030400502000108', 6),
(192, 'RINNO HARIYADI', 78150004, 'SUKABUMI', '\'30030400502000109', 6),
(193, 'RIKI JULIANSAH SAPUTRA', 92150188, 'SUKABUMI', '\'30030400502000110', 6),
(194, 'RICHAR ERMAN', 83150007, 'SUKABUMI', '\'30030400502000111', 6),
(195, 'MOCH TAOFIK RAYNALDI', 96150080, 'SUKABUMI', '\'30030400502000112', 6),
(196, 'CECEP YUSUF', 81150002, 'SUKABUMI', '\'30030400502000113', 6),
(197, 'PANJI LARAS', 94150187, 'SUKABUMI', '\'30030400502000114', 6),
(198, 'REKSA WARDANI', 94150188, 'SUKABUMI', '\'30030400502000115', 6),
(199, 'RANDI RIZAL', 86150006, 'SUKABUMI', '\'30030400502000116', 6),
(200, 'YANYAN S SAPUTRA', 82154847, 'SUKABUMI', '\'30030400502000117', 6),
(201, 'HANDI SUHENDAR', 80154846, 'SUKABUMI', '\'30030400502000118', 6),
(202, 'DEDE IRMAN', 89153897, 'SUKABUMI', '\'30030400502000200', 6),
(203, 'WILLIAWANTY PUTRI GUNAWAN', 93151536, 'SUKABUMI', '\'30030400502000201', 6),
(204, 'ACU WAHYUDIN', 18790008, 'SUKABUMI', '\'30030400502000202', 6),
(205, 'YOGA PUTRA PAMUNGKAS', 91160213, 'SUKABUMI', '\'30030400502000203', 6),
(206, 'SANDI IRAWAN', 92160274, 'SUKABUMI', '\'30030400502000204', 6),
(207, 'SUKRIS', 88157426, 'KARAWANG', '\'30030400503000000', 5),
(208, '-', 0, 'KARAWANG', '\'30030400503000100', 5),
(209, 'AULIA FARADILAH SARI', 92170044, 'KARAWANG', '\'30030400503000101', 5),
(210, 'YUZARD BETTAN', 89150002, 'KARAWANG', '\'30030400503000102', 5),
(211, 'GUGUN GUNAWAN', 17890480, 'KARAWANG', '\'30030400503000103', 5),
(212, 'HENDRA PARDOSI', 865885, 'KARAWANG', '\'30030400503000200', 5),
(213, 'BOY PAREVO', 17940281, 'KARAWANG', '\'30030400503000201', 5),
(214, 'LAU ADITYA', 93153065, 'KARAWANG', '\'30030400503000202', 5),
(215, 'AHMAD HARRY WIBOWO', 925614, 'SUKABUMI', '\'30030400504000000', 6),
(216, 'PENGADILAN LUBIS', 18670005, 'SUKABUMI', '\'30030400504000100', 6),
(217, 'DITA SYAFITRI NANDASARI SUPRIADI', 93158188, 'SUKABUMI', '\'30030400504000101', 6),
(218, 'GANIS RICKZA OCTARI', 91170079, 'SUKABUMI', '\'30030400504000102', 6),
(219, 'KURNIA', 69140792, 'SUKABUMI', '\'30030400504000103', 6),
(220, 'KRISMANSYAH', 90150327, 'SUKABUMI', '\'30030400504000104', 6),
(221, 'ROBI ABDURAHMAN', 94150330, 'SUKABUMI', '\'30030400504000105', 6),
(222, 'MUHAMAD ABDUL AZIZ FIRDAUS', 95170111, 'SUKABUMI', '\'30030400504000106', 6),
(223, 'SEPTO SUHARYANTO', 93159502, 'SUKABUMI', '\'30030400504000107', 6),
(224, 'MAMAN UMARA', 78156088, 'SUKABUMI', '\'30030400504000108', 6);

-- --------------------------------------------------------

--
-- Table structure for table `program`
--

CREATE TABLE `program` (
  `PROG_ID` int(11) NOT NULL,
  `PROG_NAME` varchar(100) NOT NULL
) ENGINE=InnoDB DEFAULT CHARSET=latin1;

--
-- Dumping data for table `program`
--

INSERT INTO `program` (`PROG_ID`, `PROG_NAME`) VALUES
(1, 'FTTH');

-- --------------------------------------------------------

--
-- Table structure for table `sp_mitra`
--

CREATE TABLE `sp_mitra` (
  `SPMT_ID` int(11) NOT NULL,
  `SPMT_NO` int(11) NOT NULL,
  `SPMT_ID_PR` int(11) NOT NULL,
  `SPMT_STATUS` varchar(50) NOT NULL,
  `SPMT_MATERIAL` int(11) NOT NULL,
  `SPMT_JASA` int(11) NOT NULL,
  `SPMT_TOTAL` int(11) NOT NULL,
  `SPMT_ODP` int(11) NOT NULL,
  `SPMT_NO_APM` int(11) NOT NULL,
  `SPMT_TIMESTAMP` timestamp NOT NULL DEFAULT CURRENT_TIMESTAMP ON UPDATE CURRENT_TIMESTAMP,
  `SPMT_WODE_ID` int(11) NOT NULL
) ENGINE=InnoDB DEFAULT CHARSET=latin1;

-- --------------------------------------------------------

--
-- Table structure for table `sp_telkom`
--

CREATE TABLE `sp_telkom` (
  `SPTL_ID` int(11) NOT NULL,
  `SPTL_NO` varchar(100) NOT NULL,
  `SPTL_IDP` varchar(100) NOT NULL,
  `SPTL_NO_PO` int(11) NOT NULL,
  `SPTL_TIMESTAMP` timestamp NOT NULL DEFAULT CURRENT_TIMESTAMP ON UPDATE CURRENT_TIMESTAMP,
  `SPTL_SURV_ID` int(11) NOT NULL,
  `SPTL_WODE_ID` int(11) NOT NULL
) ENGINE=InnoDB DEFAULT CHARSET=latin1;

-- --------------------------------------------------------

--
-- Table structure for table `status`
--

CREATE TABLE `status` (
  `STAT_ID` int(11) NOT NULL,
  `STAT_NAME` varchar(100) NOT NULL
) ENGINE=InnoDB DEFAULT CHARSET=latin1;

--
-- Dumping data for table `status`
--

INSERT INTO `status` (`STAT_ID`, `STAT_NAME`) VALUES
(1, 'WORK ORDER'),
(2, 'SURVEY'),
(3, 'INSTALASI'),
(4, 'BAST'),
(5, 'DROP');

-- --------------------------------------------------------

--
-- Table structure for table `status_instalasi`
--

CREATE TABLE `status_instalasi` (
  `STIN_ID` int(11) NOT NULL,
  `STIN_NAME` varchar(100) NOT NULL
) ENGINE=InnoDB DEFAULT CHARSET=latin1;

--
-- Dumping data for table `status_instalasi`
--

INSERT INTO `status_instalasi` (`STIN_ID`, `STIN_NAME`) VALUES
(1, 'CEKLOK'),
(2, 'PERSIAPAN'),
(3, 'PERIJINAN'),
(4, 'MATDEV'),
(5, 'SELESAI'),
(6, 'TC'),
(7, 'UT');

-- --------------------------------------------------------

--
-- Table structure for table `sub_program`
--

CREATE TABLE `sub_program` (
  `SUPR_ID` int(11) NOT NULL,
  `SUPR_NAME` varchar(50) NOT NULL
) ENGINE=InnoDB DEFAULT CHARSET=latin1;

--
-- Dumping data for table `sub_program`
--

INSERT INTO `sub_program` (`SUPR_ID`, `SUPR_NAME`) VALUES
(1, 'PART 1'),
(2, 'PART 2'),
(3, 'PART 3'),
(4, 'PART 4'),
(5, 'PART 5');

-- --------------------------------------------------------

--
-- Table structure for table `sub_witel`
--

CREATE TABLE `sub_witel` (
  `SWIT_ID` int(11) NOT NULL,
  `SWIT_NAME` varchar(100) NOT NULL,
  `SWIT_WTEL_ID` int(11) NOT NULL
) ENGINE=InnoDB DEFAULT CHARSET=latin1;

--
-- Dumping data for table `sub_witel`
--

INSERT INTO `sub_witel` (`SWIT_ID`, `SWIT_NAME`, `SWIT_WTEL_ID`) VALUES
(1, 'CCD', 1),
(2, 'DGO', 1),
(3, 'CJA', 1),
(4, 'BDK', 1),
(5, 'TRG', 1),
(6, 'GGK', 1),
(7, 'TLE', 1),
(8, 'SMD', 1),
(9, 'UBR', 1),
(10, 'TAS', 1),
(11, 'HGM', 1),
(12, 'CMI', 2),
(13, 'RCK', 2),
(14, 'CCL', 2),
(15, 'NJG', 2),
(16, 'BJA', 2),
(17, 'LEM', 2),
(18, 'CBN', 3),
(19, 'PRD', 3),
(20, 'KRW', 4),
(21, 'SUB', 4),
(22, 'PWK', 4),
(23, 'TLJ', 4),
(24, 'CJR', 5),
(25, 'SDL', 5),
(26, 'SKB', 5),
(27, 'CBD', 5),
(28, 'CCR', 5),
(29, 'JPK', 5),
(30, 'TSM', 6),
(31, 'CMS', 6),
(32, 'SOR', 2),
(33, 'LBG', 1),
(34, 'PDL', 2),
(35, 'CLL', 2),
(36, 'BTJ', 2),
(37, 'RJW', 2),
(38, 'KAD', 3),
(39, 'MJL', 3),
(40, 'HAR', 3),
(41, 'CKJ', 3),
(42, 'CKI', 3),
(43, 'JTW', 3),
(44, 'CLI', 3),
(45, 'IMY', 3),
(46, 'PAB', 3),
(47, 'JTB', 3),
(48, 'LSR', 3),
(49, 'RGA', 3),
(50, 'JBN', 3),
(51, 'CKC', 3),
(52, 'PMN', 4),
(53, 'CKP', 4),
(54, 'KLI', 4),
(55, 'JCG', 4),
(56, 'KIA', 4),
(57, 'WDS', 4),
(58, 'CBE', 5),
(59, 'CKB', 5),
(60, 'WNR', 6),
(61, 'PMP', 6),
(62, 'BJS', 6),
(63, 'SPA', 6),
(64, 'KNU', 6),
(65, 'BNJ', 6),
(66, 'KAW', 6),
(67, 'GRU', 6),
(68, 'CSA', 2),
(69, 'KNG', 3),
(70, 'PLR', 5),
(71, 'PGD', 4),
(72, 'PCH', 2),
(73, 'PTR', 3),
(74, 'CWD', 2),
(75, 'MJY', 2),
(76, 'CKW', 2),
(77, 'MJA', 2),
(78, 'RDK', 4),
(79, 'KWA', 4),
(80, 'AWN', 3),
(81, 'PLD', 4),
(82, 'SGA', 5),
(83, 'CJG', 5),
(84, 'TGE', 5),
(85, 'PAX', 6),
(86, 'CIW', 6);

-- --------------------------------------------------------

--
-- Table structure for table `survey`
--

CREATE TABLE `survey` (
  `SURV_ID` int(11) NOT NULL,
  `SURV_MATERIAL` int(11) NOT NULL,
  `SURV_JASA` int(11) NOT NULL,
  `SURV_TOTAL` int(11) NOT NULL,
  `SURV_ODP` int(11) NOT NULL,
  `SURV_TANGGAL` date NOT NULL,
  `SURV_TIMESTAMP` timestamp NOT NULL DEFAULT CURRENT_TIMESTAMP ON UPDATE CURRENT_TIMESTAMP,
  `SURV_WODE_ID` int(11) NOT NULL,
  `SURV_PEGA_ID` int(11) NOT NULL,
  `SURV_WTEL_ID` int(11) NOT NULL,
  `SURV_SWIT_ID` int(11) NOT NULL,
  `SURV_PROG_ID` int(11) NOT NULL
) ENGINE=InnoDB DEFAULT CHARSET=latin1;

-- --------------------------------------------------------

--
-- Table structure for table `user`
--

CREATE TABLE `user` (
  `USER_ID` int(11) NOT NULL,
  `USER_NAME` varchar(50) NOT NULL,
  `USER_PASSWORD` varchar(50) NOT NULL,
  `USER_PICTURE` text NOT NULL,
  `USER_TIMESTAMP` timestamp NOT NULL DEFAULT CURRENT_TIMESTAMP ON UPDATE CURRENT_TIMESTAMP,
  `USER_LEVE_ID` int(11) NOT NULL,
  `USER_PEGA_ID` int(11) NOT NULL,
  `USER_WTEL_ID` int(11) NOT NULL
) ENGINE=InnoDB DEFAULT CHARSET=latin1;

--
-- Dumping data for table `user`
--

INSERT INTO `user` (`USER_ID`, `USER_NAME`, `USER_PASSWORD`, `USER_PICTURE`, `USER_TIMESTAMP`, `USER_LEVE_ID`, `USER_PEGA_ID`, `USER_WTEL_ID`) VALUES
(1, 'SUDO', '28a4437b86f15b3e4204252dd75327fe', 'asset1/img/2018_07_30_11_10_01_1497310825125.JPEG', '2018-07-30 09:10:01', 1, 1, 1),
(2, 'WODE', '044ed28669d0a0ad60078faca228e538', '', '2018-07-30 08:54:34', 2, 1, 1),
(3, 'SURV', '19578145d1c4cb4fdd05966fa0fc0b0f', '', '2018-07-30 08:54:34', 3, 1, 1),
(4, 'INST', 'f3f3ab32d17f94c82cc112c80d59845b', '', '2018-07-30 08:54:34', 4, 1, 1),
(5, 'BAST', '7e885f54018831ce93707032f6b09e88', '', '2018-07-30 08:54:34', 5, 1, 1);

-- --------------------------------------------------------

--
-- Table structure for table `witel`
--

CREATE TABLE `witel` (
  `WTEL_ID` int(11) NOT NULL,
  `WTEL_NAME` varchar(100) NOT NULL
) ENGINE=InnoDB DEFAULT CHARSET=latin1;

--
-- Dumping data for table `witel`
--

INSERT INTO `witel` (`WTEL_ID`, `WTEL_NAME`) VALUES
(1, 'BANDUNG'),
(2, 'BANDUNG BARAT'),
(3, 'CIREBON'),
(4, 'KARAWANG'),
(5, 'SUKABUMI'),
(6, 'TASIKMALAYA');

-- --------------------------------------------------------

--
-- Table structure for table `work_order`
--

CREATE TABLE `work_order` (
  `WODE_ID` int(11) NOT NULL,
  `WODE_ID_TA` char(11) NOT NULL,
  `WODE_NAMA_LOKASI` text NOT NULL,
  `WODE_KOORDINAT` text NOT NULL,
  `WODE_ALAMAT` text NOT NULL,
  `WODE_TANGGAL` date NOT NULL,
  `WODE_TIMESTAMP` timestamp NOT NULL DEFAULT CURRENT_TIMESTAMP ON UPDATE CURRENT_TIMESTAMP,
  `WODE_WTEL_ID` int(11) NOT NULL,
  `WODE_SWIT_ID` int(11) NOT NULL,
  `WODE_PROG_ID` int(11) NOT NULL,
  `WODE_STAT_ID` int(11) NOT NULL,
  `WODE_SUPR_ID` int(11) NOT NULL
) ENGINE=InnoDB DEFAULT CHARSET=latin1;

--
-- Dumping data for table `work_order`
--

INSERT INTO `work_order` (`WODE_ID`, `WODE_ID_TA`, `WODE_NAMA_LOKASI`, `WODE_KOORDINAT`, `WODE_ALAMAT`, `WODE_TANGGAL`, `WODE_TIMESTAMP`, `WODE_WTEL_ID`, `WODE_SWIT_ID`, `WODE_PROG_ID`, `WODE_STAT_ID`, `WODE_SUPR_ID`) VALUES
(1, 'JBR25', 'BCV 1 (SILVERSTONE)', '', '', '0000-00-00', '2018-08-03 08:59:50', 1, 1, 1, 1, 1),
(2, 'JBR22', 'CLUSTER BABAKAN SARI', '', '', '0000-00-00', '2018-08-03 08:59:50', 1, 1, 1, 1, 1),
(3, 'JBR24', 'CLUSTER BUMI ASRI PADASUKA', '', '', '0000-00-00', '2018-08-03 08:59:51', 1, 1, 1, 1, 1),
(4, 'JBR19', 'CLUSTER KACAPIRING', '', '', '0000-00-00', '2018-08-03 08:59:51', 1, 1, 1, 1, 1),
(5, 'JBR20', 'CLUSTER KALIJATI INDAH', '', '', '0000-00-00', '2018-08-03 08:59:51', 1, 1, 1, 1, 1),
(6, 'JBR15', 'CLUSTER MUARARAJEUN', '', '', '0000-00-00', '2018-08-03 08:59:51', 1, 1, 1, 1, 1),
(7, 'JBR17', 'THE MANSION ANTAPANI', '', '', '0000-00-00', '2018-08-03 08:59:51', 1, 1, 1, 1, 1),
(8, 'JBR84', 'Alam Kanayakan', '', '', '0000-00-00', '2018-08-03 08:59:51', 1, 2, 1, 1, 1),
(9, 'JBR68', 'Alam Raya', '', '', '0000-00-00', '2018-08-03 08:59:51', 1, 3, 1, 1, 1),
(10, 'JBR14', 'ANI FAN/LBG FDCKomp. Sucore, Suci Residence', '', '', '0000-00-00', '2018-08-03 08:59:51', 1, 1, 1, 1, 1),
(11, 'JBR07', 'Cemara Regency Cicukang', '', '', '0000-00-00', '2018-08-03 08:59:51', 1, 4, 1, 1, 1),
(12, 'JBR165', 'Cidurian', '', '', '0000-00-00', '2018-08-03 08:59:51', 1, 5, 1, 1, 1),
(13, 'JBR166', 'CINTA ASIH', '', '', '0000-00-00', '2018-08-03 08:59:51', 1, 5, 1, 1, 1),
(14, 'JBR66', 'CIPAMOKOLAN', '', '', '0000-00-00', '2018-08-03 08:59:51', 1, 3, 1, 1, 1),
(15, 'JBR101', 'Cipedes Atas', '', '', '0000-00-00', '2018-08-03 08:59:51', 1, 6, 1, 1, 1),
(16, 'JBR106', 'Cluster Bella Casa', '', '', '0000-00-00', '2018-08-03 08:59:51', 1, 6, 1, 1, 1),
(17, 'JBR58', 'Derwati Mas Jl Derwati', '', '', '0000-00-00', '2018-08-03 08:59:51', 1, 3, 1, 1, 1),
(18, 'JBR45', 'FCQJINGGA RESIDENCE', '', '', '0000-00-00', '2018-08-03 08:59:51', 1, 3, 1, 1, 1),
(19, 'JBR82', 'FCZKINAGARA', '', '', '0000-00-00', '2018-08-03 08:59:52', 1, 3, 1, 1, 1),
(20, 'JBR42', 'FDFSEKELIMUS', '', '', '0000-00-00', '2018-08-03 08:59:52', 1, 3, 1, 1, 1),
(21, 'JBR81', 'FDGBAHAGIA', '', '', '0000-00-00', '2018-08-03 08:59:52', 1, 3, 1, 1, 1),
(22, 'JBR43', 'FDGMARGA CINTA', '', '', '0000-00-00', '2018-08-03 08:59:52', 1, 3, 1, 1, 1),
(23, 'JBR71', 'Gland Ciwastra', '', '', '0000-00-00', '2018-08-03 08:59:52', 1, 3, 1, 1, 1),
(24, 'JBR69', 'GREEN GRANDE ', '', '', '0000-00-00', '2018-08-03 08:59:52', 1, 3, 1, 1, 1),
(25, 'JBR89', 'Jl Tirta Nirwana', '', '', '0000-00-00', '2018-08-03 08:59:52', 1, 2, 1, 1, 1),
(26, 'JBR76', 'Kamarasan', '', '', '0000-00-00', '2018-08-03 08:59:52', 1, 3, 1, 1, 1),
(27, 'JBR160', 'Karasak lama', '', '', '0000-00-00', '2018-08-03 08:59:52', 1, 7, 1, 1, 1),
(28, 'JBR150', 'Kecamatan Conggeang', '', '', '0000-00-00', '2018-08-03 08:59:52', 1, 8, 1, 1, 1),
(29, 'JBR151', 'Kecamatan Paseh', '', '', '0000-00-00', '2018-08-03 08:59:52', 1, 8, 1, 1, 1),
(30, 'JBR167', 'KOM PRANAYA', '', '', '0000-00-00', '2018-08-03 08:59:52', 1, 5, 1, 1, 1),
(31, 'JBR87', 'Komp Alamanda', '', '', '0000-00-00', '2018-08-03 08:59:52', 1, 2, 1, 1, 1),
(32, 'JBR105', 'KOMP AMANDA 2', '', '', '0000-00-00', '2018-08-03 08:59:52', 1, 6, 1, 1, 1),
(33, 'JBR175', 'KOMP GRAND CILENGKRANG', '', '', '0000-00-00', '2018-08-03 08:59:52', 1, 9, 1, 1, 1),
(34, 'JBR93', 'Komp Kampung Padi', '', '', '0000-00-00', '2018-08-03 08:59:52', 1, 2, 1, 1, 1),
(35, 'JBR156', 'KOMP PANORAMA', '', '', '0000-00-00', '2018-08-03 08:59:52', 1, 10, 1, 1, 1),
(36, 'JBR116', 'KOTA BANDUNG, HEGARMANAH, Gg PANJI,RT.3/3', '', '', '0000-00-00', '2018-08-03 08:59:52', 1, 11, 1, 1, 1),
(37, 'JBR112', 'KOTA BANDUNG, SUKAJADI, SUKAGALIH, BABAKAN CARINGIN', '', '', '0000-00-00', '2018-08-03 08:59:52', 1, 11, 1, 1, 1),
(38, 'JBR111', 'KOTA BANDUNG,HEGARMANAH,SETIABUDI', '', '', '0000-00-00', '2018-08-03 08:59:52', 1, 11, 1, 1, 1),
(39, 'JBR113', 'KOTA BANDUNG,PASTEUR,PASOPATI, GARUNGGANG KULON, SUKABUNGAH ', '', '', '0000-00-00', '2018-08-03 08:59:53', 1, 11, 1, 1, 1),
(40, 'JBR109', 'KOTA BANDUNG,PASTEUR,SEMPURNA', '', '', '0000-00-00', '2018-08-03 08:59:53', 1, 11, 1, 1, 1),
(41, 'JBR110', 'KOTA BANDUNG,SUKABUNGAH,Gg PA AHYA,Rt.05/Rw.04', '', '', '0000-00-00', '2018-08-03 08:59:53', 1, 11, 1, 1, 1),
(42, 'JBR08', 'Margahayu Kencana', '', '', '0000-00-00', '2018-08-03 08:59:53', 1, 4, 1, 1, 1),
(43, 'JBR05', 'Mekar Rahayu', '', '', '0000-00-00', '2018-08-03 08:59:53', 1, 4, 1, 1, 1),
(44, 'JBR03', 'Mekarwangi Utama Jl Cibaduyut', '', '', '0000-00-00', '2018-08-03 08:59:53', 1, 4, 1, 1, 1),
(45, 'JBR103', 'MULYASARI ; SUKAMULYA REGENCI', '', '', '0000-00-00', '2018-08-03 08:59:53', 1, 6, 1, 1, 1),
(46, 'JBR21', 'Padasuka Park JL Padasuka', '', '', '0000-00-00', '2018-08-03 08:59:53', 1, 1, 1, 1, 1),
(47, 'JBR10', 'Permata Kopo 1', '', '', '0000-00-00', '2018-08-03 08:59:53', 1, 4, 1, 1, 1),
(48, 'JBR60', 'Pesona Ciwastra Village Jl Ciwastra', '', '', '0000-00-00', '2018-08-03 08:59:53', 1, 3, 1, 1, 1),
(49, 'JBR172', 'Pondok Mulya Melatiwangi', '', '', '0000-00-00', '2018-08-03 08:59:53', 1, 9, 1, 1, 1),
(50, 'JBR12', 'Rancamanyar Regency', '', '', '0000-00-00', '2018-08-03 08:59:53', 1, 4, 1, 1, 1),
(51, 'JBR11', 'Rancamanyar Regency II', '', '', '0000-00-00', '2018-08-03 08:59:53', 1, 4, 1, 1, 1),
(52, 'JBR102', 'Sariwangi Regency', '', '', '0000-00-00', '2018-08-03 08:59:53', 1, 6, 1, 1, 1),
(53, 'JBR96', 'Setra Duta Jl Setra Duta', '', '', '0000-00-00', '2018-08-03 08:59:53', 1, 6, 1, 1, 1),
(54, 'JBR98', 'Setraduta Cluster DAGO', '', '', '0000-00-00', '2018-08-03 08:59:53', 1, 6, 1, 1, 1),
(55, 'JBR97', 'Sukadamai', '', '', '0000-00-00', '2018-08-03 08:59:53', 1, 6, 1, 1, 1),
(56, 'JBR09', 'Sukamenak Regency, Jl. Sukamenak', '', '', '0000-00-00', '2018-08-03 08:59:53', 1, 4, 1, 1, 1),
(57, 'JBR104', 'SUKAMULYA PDAM', '', '', '0000-00-00', '2018-08-03 08:59:53', 1, 6, 1, 1, 1),
(58, 'JBR1216', '1 KOPO Taman Kopo Indah I Blok B 80', '', '', '0000-00-00', '2018-08-03 08:59:53', 1, 4, 1, 1, 1),
(59, 'JBR1217', '2 KOPO Permata Kopo II Blok G2 40', '', '', '0000-00-00', '2018-08-03 08:59:53', 1, 4, 1, 1, 1),
(60, 'JBR1218', '3 KOPO Emerald Residence 40', '', '', '0000-00-00', '2018-08-03 08:59:53', 1, 4, 1, 1, 1),
(61, 'JBR1219', '4 KOPO Permata Kopo III Blok Belakang 40', '', '', '0000-00-00', '2018-08-03 08:59:53', 1, 4, 1, 1, 1),
(62, 'JBR1220', '5 KOPO Topindo Regency 112', '', '', '0000-00-00', '2018-08-03 08:59:53', 1, 4, 1, 1, 1),
(63, 'JBR1221', '6 KOPO Perumahan Gg P Adin RT 6/16 Desa Sukamenak 80', '', '', '0000-00-00', '2018-08-03 08:59:53', 1, 4, 1, 1, 1),
(64, 'JBR1222', '7 KOPO Graha Cibaduyut Asri, JL.Cibogo Desa Cangkuang Kulon 60', '', '', '0000-00-00', '2018-08-03 08:59:53', 1, 4, 1, 1, 1),
(65, 'JBR39', 'Antabaru', '', '', '0000-00-00', '2018-08-03 08:59:53', 1, 3, 1, 1, 1),
(66, 'JBR1205', 'ANTAPANI CITY MAS', '', '', '0000-00-00', '2018-08-03 08:59:54', 1, 1, 1, 1, 1),
(67, 'JBR1207', 'BCV 2 Tambahan 120 Port', '', '', '0000-00-00', '2018-08-03 08:59:54', 1, 9, 1, 1, 1),
(68, 'JBR1203', 'Buah Batu Centrum', '', '', '0000-00-00', '2018-08-03 08:59:54', 1, 3, 1, 1, 1),
(69, 'JBR385', 'Cluster Grand Mansion Residence', '', '', '0000-00-00', '2018-08-03 08:59:54', 1, 8, 1, 1, 1),
(70, 'JBR157', 'Cluster Handayani', '', '', '0000-00-00', '2018-08-03 08:59:54', 1, 10, 1, 1, 1),
(71, 'JBR386', 'Cluster Ibnu Sina', '', '', '0000-00-00', '2018-08-03 08:59:54', 1, 8, 1, 1, 1),
(72, 'JBR01', 'Cluster Rancamanyar', '', '', '0000-00-00', '2018-08-03 08:59:54', 1, 4, 1, 1, 1),
(73, 'JBR148', 'Cluster/Perumahan Jasmin', '', '', '0000-00-00', '2018-08-03 08:59:54', 1, 8, 1, 1, 1),
(74, 'JBR311', 'FBQKAWASAN INDUSTRI', '', '', '0000-00-00', '2018-08-03 08:59:54', 1, 3, 1, 1, 1),
(75, 'JBR56', 'FDCRatnamah', '', '', '0000-00-00', '2018-08-03 08:59:54', 1, 3, 1, 1, 1),
(76, 'JBR323', 'FDCSURYAMAS', '', '', '0000-00-00', '2018-08-03 08:59:54', 1, 3, 1, 1, 1),
(77, 'JBR55', 'FDKMARGAHAYU TOWN HOUSE', '', '', '0000-00-00', '2018-08-03 08:59:54', 1, 3, 1, 1, 1),
(78, 'JBR282', 'Griya Indah Cikoneng Jl Cikoneng', '', '', '0000-00-00', '2018-08-03 08:59:54', 1, 3, 1, 1, 1),
(79, 'JBR1215', 'JL Cikoneng Bojongsoang Asri', '', '', '0000-00-00', '2018-08-03 08:59:54', 1, 3, 1, 1, 1),
(80, 'JBR171', 'Jl.Soekarno Hatta-Perhutani-Kantor pajak(Depag)', '', '', '0000-00-00', '2018-08-03 08:59:54', 1, 9, 1, 1, 1),
(81, 'JBR154', 'Kecamtan Buah Dua', '', '', '0000-00-00', '2018-08-03 08:59:54', 1, 8, 1, 1, 1),
(82, 'JBR1230', 'KOMP BCV 2', '', '', '0000-00-00', '2018-08-03 08:59:54', 1, 9, 1, 1, 1),
(83, 'JBR178', 'KOMP CIBIRU ASRI TAHAP 2', '', '', '0000-00-00', '2018-08-03 08:59:54', 1, 9, 1, 1, 1),
(84, 'JBR02', 'Kopo Mas Regency', '', '', '0000-00-00', '2018-08-03 08:59:54', 1, 4, 1, 1, 1),
(85, 'JBR159', 'KP SIMPANG ', '', '', '0000-00-00', '2018-08-03 08:59:54', 1, 10, 1, 1, 1),
(86, 'JBR164', 'Mekarwangi & Mekarasih', '', '', '0000-00-00', '2018-08-03 08:59:54', 1, 7, 1, 1, 1),
(87, 'JBR1229', 'MTC MALL 1-6', '', '', '0000-00-00', '2018-08-03 08:59:54', 1, 3, 1, 1, 1),
(88, 'JBR1204', 'PURI DAGO', '', '', '0000-00-00', '2018-08-03 08:59:54', 1, 2, 1, 1, 1),
(89, 'JBR257', 'Puri dago Mas Jl Raya Cibodas Antapani', '', '', '0000-00-00', '2018-08-03 08:59:54', 1, 1, 1, 1, 1),
(90, 'JBR1213', 'Sekitar PT.PLN (Persero) Rayon Prima Priangan', '', '', '0000-00-00', '2018-08-03 08:59:55', 1, 7, 1, 1, 1),
(91, 'JBR147', 'Situraja(Mini-OLT)', '', '', '0000-00-00', '2018-08-03 08:59:55', 1, 8, 1, 1, 1),
(92, 'JBR331', 'SUKABIRUS', '', '', '0000-00-00', '2018-08-03 08:59:55', 1, 3, 1, 1, 1),
(93, 'JBR274', 'SUKAPURA', '', '', '0000-00-00', '2018-08-03 08:59:55', 1, 3, 1, 1, 1),
(94, 'JBR186', 'CILAME PERMAI', '', '', '0000-00-00', '2018-08-03 08:59:55', 2, 12, 1, 1, 1),
(95, 'JBR122', 'Cluster Permata Hijo', '', '', '0000-00-00', '2018-08-03 08:59:55', 2, 13, 1, 1, 1),
(96, 'JBR131', 'JL DANGDEUR KAUM -  WALINI ', '', '', '0000-00-00', '2018-08-03 08:59:55', 2, 13, 1, 1, 1),
(97, 'JBR33', 'Jl H Bardaan CIKOPO', '', '', '0000-00-00', '2018-08-03 08:59:55', 2, 14, 1, 1, 1),
(98, 'JBR34', 'Jl Raya Cicalengka Timur ( Sebelah timur Pintu Kereta api )', '', '', '0000-00-00', '2018-08-03 08:59:55', 2, 14, 1, 1, 1),
(99, 'JBR126', 'Jl Raya Cikuda (Apartemen & Pondokan Maulana) ', '', '', '0000-00-00', '2018-08-03 08:59:55', 2, 13, 1, 1, 1),
(100, 'JBR130', 'JL RAYA JATINANGOR CIROMED', '', '', '0000-00-00', '2018-08-03 08:59:55', 2, 13, 1, 1, 1),
(101, 'JBR135', 'JL RAYA RCK - CLK ( DANGDEUR )', '', '', '0000-00-00', '2018-08-03 08:59:55', 2, 13, 1, 1, 1),
(102, 'JBR134', 'JL RAYA RCK DANGDEUR DEPAN STO RCK', '', '', '0000-00-00', '2018-08-03 08:59:55', 2, 13, 1, 1, 1),
(103, 'JBR123', 'Jl Ry RCK - Grt  (jl dangdeur  sd BNI  /Sebrang selatan )', '', '', '0000-00-00', '2018-08-03 08:59:55', 2, 13, 1, 1, 1),
(104, 'JBR132', 'JL TALUN ', '', '', '0000-00-00', '2018-08-03 08:59:55', 2, 13, 1, 1, 1),
(105, 'JBR30', 'Kecamatan Cikancung ( Jl Raya Cikancung )', '', '', '0000-00-00', '2018-08-03 08:59:56', 2, 14, 1, 1, 1),
(106, 'JBR31', 'Komp EL GREEN', '', '', '0000-00-00', '2018-08-03 08:59:56', 2, 14, 1, 1, 1),
(107, 'JBR32', 'KOMP GANDARA ASRI SINDANG PAKOWON', '', '', '0000-00-00', '2018-08-03 08:59:56', 2, 14, 1, 1, 1),
(108, 'JBR128', 'KOMP TAMAN CILEUNYI', '', '', '0000-00-00', '2018-08-03 08:59:56', 2, 13, 1, 1, 1),
(109, 'JBR189', 'KOMPLEK PEMDA JABAR 2 CIBEBER', '', '', '0000-00-00', '2018-08-03 08:59:56', 2, 15, 1, 1, 1),
(110, 'JBR182', 'Penarikan Distribusi ODP Cluster Graha Pelangi', '', '', '0000-00-00', '2018-08-03 08:59:56', 2, 16, 1, 1, 1),
(111, 'JBR184', 'Penarikan Distribusi ODP Cluster Puri Matahari', '', '', '0000-00-00', '2018-08-03 08:59:56', 2, 16, 1, 1, 1),
(112, 'JBR179', 'Penarikan distribusi ODP lokasi Jl. Wiranata Kusumah Baleendah & sekitarnya', '', '', '0000-00-00', '2018-08-03 08:59:56', 2, 16, 1, 1, 1),
(113, 'JBR183', 'Penarikan Distribusi ODP Taman Baleendah Mas', '', '', '0000-00-00', '2018-08-03 08:59:56', 2, 16, 1, 1, 1),
(114, 'JBR129', 'Perempatan Cileles ( samping ADEDE )', '', '', '0000-00-00', '2018-08-03 08:59:56', 2, 13, 1, 1, 1),
(115, 'JBR125', 'Pondokan Awani', '', '', '0000-00-00', '2018-08-03 08:59:56', 2, 13, 1, 1, 1),
(116, 'JBR404', 'BDB,BJA,FTTH,SANGGAR INDAH BNJARAN,208HP', '', '', '0000-00-00', '2018-08-03 08:59:56', 2, 16, 1, 1, 1),
(117, 'JBR36', 'Cluster Cengkeh', '', '', '0000-00-00', '2018-08-03 08:59:56', 2, 14, 1, 1, 1),
(118, 'JBR35', 'Cluster Grand Kareumbi Nagreg ( Sebrang Yonif )', '', '', '0000-00-00', '2018-08-03 08:59:56', 2, 14, 1, 1, 1),
(119, 'JBR143', 'CLUSTER JATI CILEUNYI', '', '', '0000-00-00', '2018-08-03 08:59:56', 2, 13, 1, 1, 1),
(120, 'JBR140', 'Cluster Perum Kencana ( Teratai-Dahlia-Hebras-Gradiul-Melur)', '', '', '0000-00-00', '2018-08-03 08:59:56', 2, 13, 1, 1, 1),
(121, 'JBR1202', 'JALAN LAPANG', '', '', '0000-00-00', '2018-08-03 08:59:57', 2, 17, 1, 1, 1),
(122, 'JBR120', 'Janati 3', '', '', '0000-00-00', '2018-08-03 08:59:57', 2, 13, 1, 1, 1),
(123, 'JBR121', 'Jatos-Janati Park', '', '', '0000-00-00', '2018-08-03 08:59:57', 2, 13, 1, 1, 1),
(124, 'JBR119', 'JL raya jatnangor-gapura sumedang', '', '', '0000-00-00', '2018-08-03 08:59:57', 2, 13, 1, 1, 1),
(125, 'JBR138', 'Jl Ry RCK - Grt  (Almasoem sd jl dangdeur  /Sebrang selatan )', '', '', '0000-00-00', '2018-08-03 08:59:57', 2, 13, 1, 1, 1),
(126, 'JBR137', 'Jl Ry RCK - Grt  (Cibeusi sd Jl Ry Cipasir /Sebrang Utara )', '', '', '0000-00-00', '2018-08-03 08:59:57', 2, 13, 1, 1, 1),
(127, 'JBR136', 'Jl Sukawening Belakang', '', '', '0000-00-00', '2018-08-03 08:59:57', 2, 13, 1, 1, 1),
(128, 'JBR139', 'Jl Walini', '', '', '0000-00-00', '2018-08-03 08:59:57', 2, 13, 1, 1, 1),
(129, 'JBR1200', 'JL. Rancakasiat Cluster Bayongbong', '', '', '0000-00-00', '2018-08-03 08:59:57', 2, 16, 1, 1, 1),
(130, 'JBR1206', 'Jl. Sangkuriang Komplek Artileri Sangkuriang JL. Sangkuriang Barat', '', '', '0000-00-00', '2018-08-03 08:59:57', 2, 12, 1, 1, 1),
(131, 'JBR141', 'KAMP GEULIS JATINANGOR', '', '', '0000-00-00', '2018-08-03 08:59:57', 2, 13, 1, 1, 1),
(132, 'JBR1201', 'KOMP CIKIDING MAS', '', '', '0000-00-00', '2018-08-03 08:59:57', 2, 17, 1, 1, 1),
(133, 'JBR142', 'Komp Griya Prima alam Asri Parakan Muncang', '', '', '0000-00-00', '2018-08-03 08:59:57', 2, 13, 1, 1, 1),
(134, 'JBR191', 'LME FTTH CATUAN FEW KOMP. GRIYA PERMAI PAMENGKANG', '', '', '0000-00-00', '2018-08-03 08:59:57', 3, 18, 1, 1, 1),
(135, 'JBR733', 'LME FTTH TIRTAYASA REGENCY', '', '', '0000-00-00', '2018-08-03 08:59:57', 3, 19, 1, 1, 1),
(136, 'JBR200', 'Cluster Hyde Park', '', '', '0000-00-00', '2018-08-03 08:59:58', 4, 20, 1, 1, 1),
(137, 'JBR193', 'Green Side Residence', '', '', '0000-00-00', '2018-08-03 08:59:58', 4, 20, 1, 1, 1),
(138, 'JBR198', 'Perum Graha Puspa', '', '', '0000-00-00', '2018-08-03 08:59:58', 4, 20, 1, 1, 1),
(139, 'JBR196', 'Perum Pemda Karangpawitan', '', '', '0000-00-00', '2018-08-03 08:59:58', 4, 20, 1, 1, 1),
(140, 'JBR203', 'JL. DI. PANJAITAN', '', '', '0000-00-00', '2018-08-03 08:59:58', 4, 21, 1, 1, 1),
(141, 'JBR204', 'MT. HARYONO, KATAMSO DAN CIERENG', '', '', '0000-00-00', '2018-08-03 08:59:58', 4, 21, 1, 1, 1),
(142, 'JBR201', 'Perum Munjuljaya', '', '', '0000-00-00', '2018-08-03 08:59:58', 4, 22, 1, 1, 1),
(143, 'JBR205', 'Perum Puri Telukjambe', '', '', '0000-00-00', '2018-08-03 08:59:58', 4, 23, 1, 1, 1),
(144, 'JBR206', 'Perum Sirnabaya Indah', '', '', '0000-00-00', '2018-08-03 08:59:58', 4, 23, 1, 1, 1),
(145, 'JBR202', 'Pesona Ciseureuh Residence', '', '', '0000-00-00', '2018-08-03 08:59:58', 4, 22, 1, 1, 1),
(146, 'JBR211', 'SKB,CJR,DCS,JL.PERISTIS KEMERDEKAAN-FBJ,144HP', '', '', '0000-00-00', '2018-08-03 08:59:58', 5, 24, 1, 1, 1),
(147, 'JBR216', 'SKB,SDL,HS,CIGOMBONG,240HP', '', '', '0000-00-00', '2018-08-03 08:59:58', 5, 25, 1, 1, 1),
(148, 'JBR217', 'SKB,SDL,HS,VILLA CIPENDAWA,240HP', '', '', '0000-00-00', '2018-08-03 08:59:58', 5, 25, 1, 1, 1),
(149, 'JBR219', 'SKB,SKB,CONS,DAERAH DEKAT HOTEL SANTIKA, JL.BHAYANGKARA', '', '', '0000-00-00', '2018-08-03 08:59:59', 5, 26, 1, 1, 1),
(150, 'JBR220', 'SKB,SKB,CONS,PERUMAHAN MEGA RESIDENCE', '', '', '0000-00-00', '2018-08-03 08:59:59', 5, 26, 1, 1, 1),
(151, 'JBR207', 'SKB,CBD,CONS,PASAR PARUNGKUDA (BARU),480 PORT', '', '', '0000-00-00', '2018-08-03 08:59:59', 5, 27, 1, 1, 1),
(152, 'JBR209', 'SKB,CCR,CONS,FTTH KEC. PARAKAN SALAK,240 PORT', '', '', '0000-00-00', '2018-08-03 08:59:59', 5, 28, 1, 1, 1),
(153, 'JBR210', 'SKB,CJR,CONS,FRAN NEW ODC CIPADANG KALAPA, 240 PORT', '', '', '0000-00-00', '2018-08-03 08:59:59', 5, 24, 1, 1, 1),
(154, 'JBR212', 'SKB,CJR,DCS,Jl. Arciko belakang kodim Siliwangi  ODC-CJR-FBL,480HP', '', '', '0000-00-00', '2018-08-03 08:59:59', 5, 24, 1, 1, 1),
(155, 'JBR213', 'SKB,CJR,DCS,Jl. Munjul - Salaeurih  ODC-CJR-FCW,480HP', '', '', '0000-00-00', '2018-08-03 08:59:59', 5, 24, 1, 1, 1),
(156, 'JBR214', 'SKB,CJR,DCS,kp. Cibeureum dekat irigasi  ODC-CJR-FCA,480HP', '', '', '0000-00-00', '2018-08-03 08:59:59', 5, 24, 1, 1, 1),
(157, 'JBR215', 'SKB,JPK,CONS,FTTH CIRACAP,240 PORT', '', '', '0000-00-00', '2018-08-03 08:59:59', 5, 29, 1, 1, 1),
(158, 'JBR222', 'SKB,SKB,CONS,FTTH PESONA PAMOYANAN,240 PORT', '', '', '0000-00-00', '2018-08-03 08:59:59', 5, 26, 1, 1, 1),
(159, 'JBR224', 'SKB,SKB,CONS,PERUM GANDASOLI, 80 PORT', '', '', '0000-00-00', '2018-08-03 08:59:59', 5, 26, 1, 1, 1),
(160, 'JBR223', 'SKB,SKB,CONS,PERUM LIMUS NUNGGAL REGENCY, 80 PORT', '', '', '0000-00-00', '2018-08-03 08:59:59', 5, 26, 1, 1, 1),
(161, 'JBR221', 'SKB,SKB,DCS,KOMP.SUKARAJA REGENCY (PERUM TANDO) 80 PORT', '', '', '0000-00-00', '2018-08-03 08:59:59', 5, 26, 1, 1, 1),
(162, 'JBR234', 'Komplek Tamansari / Maya', '', '', '0000-00-00', '2018-08-03 08:59:59', 6, 30, 1, 1, 1),
(163, 'JBR231', 'Perum Aksa Jaya', '', '', '0000-00-00', '2018-08-03 09:00:00', 6, 30, 1, 1, 1),
(164, 'JBR226', 'PERUM GOLDEN CITY KOMPLEK PERKANTORAN', '', '', '0000-00-00', '2018-08-03 09:00:00', 6, 31, 1, 1, 1),
(165, 'JBR235', 'Perum Kiara/Cimuncang', '', '', '0000-00-00', '2018-08-03 09:00:00', 6, 30, 1, 1, 1),
(166, 'JBR227', 'Perum Mega Mutiara Tasik', '', '', '0000-00-00', '2018-08-03 09:00:00', 6, 30, 1, 1, 1),
(167, 'JBR233', 'Perum Winaya jaya', '', '', '0000-00-00', '2018-08-03 09:00:00', 6, 30, 1, 1, 1),
(168, 'JBR229', 'Vila Bungur Sari Tasikmalaya', '', '', '0000-00-00', '2018-08-03 09:00:00', 6, 30, 1, 1, 1),
(169, 'JBR236', 'Cikunir Kencana Raya', '', '', '0000-00-00', '2018-08-03 09:00:00', 6, 30, 1, 1, 1),
(170, 'JBR237', 'Griya Reksa Wisesa Tasikmalaya', '', '', '0000-00-00', '2018-08-03 09:00:00', 6, 30, 1, 1, 1),
(171, 'JBR63', 'BUAH BATU REGENCY', '', '', '0000-00-00', '2018-08-03 09:00:00', 1, 3, 1, 1, 1),
(172, 'JBR57', 'Duta Margawangi Jl Margacinta', '', '', '0000-00-00', '2018-08-03 09:00:00', 1, 3, 1, 1, 1),
(173, 'JBR52', 'FDCBUANA SARI', '', '', '0000-00-00', '2018-08-03 09:00:00', 1, 3, 1, 1, 1),
(174, 'JBR73', 'FDCKENCANA ARUM', '', '', '0000-00-00', '2018-08-03 09:00:00', 1, 3, 1, 1, 1),
(175, 'JBR174', 'KOMP ATLIT', '', '', '0000-00-00', '2018-08-03 09:00:00', 1, 9, 1, 1, 1),
(176, 'JBR04', 'Pinewood JL Taman Kopo Indah III', '', '', '0000-00-00', '2018-08-03 09:00:00', 1, 4, 1, 1, 1),
(177, 'JBR06', 'Redwood JL Taman Kopo Indah III', '', '', '0000-00-00', '2018-08-03 09:00:00', 1, 4, 1, 1, 1),
(178, 'JBR1896', 'Bojong Malaka', '', '', '0000-00-00', '2018-08-03 09:00:00', 1, 16, 1, 1, 1),
(179, 'JBR1897', 'PERMTA Kpo 1THP1', '', '', '0000-00-00', '2018-08-03 09:00:00', 2, 4, 1, 1, 1),
(180, 'JBR1898', 'Feeder SOR ODC FAL', '', '', '0000-00-00', '2018-08-03 09:00:00', 2, 32, 1, 1, 1),
(181, 'JBR1899', 'Dist SOR ODC FAL', '', '', '0000-00-00', '2018-08-03 09:00:00', 2, 32, 1, 1, 1),
(182, 'JBR1900', 'Feeder SOR ODC FAJ', '', '', '0000-00-00', '2018-08-03 09:00:01', 2, 32, 1, 1, 1),
(183, 'JBR1901', 'Dist SOR ODC FAJ', '', '', '0000-00-00', '2018-08-03 09:00:01', 2, 32, 1, 1, 1),
(184, 'JBR1902', 'Feeder SOR ODC FAH', '', '', '0000-00-00', '2018-08-03 09:00:01', 2, 32, 1, 1, 1),
(185, 'JBR1903', 'Dist SOR ODC FAH', '', '', '0000-00-00', '2018-08-03 09:00:01', 2, 32, 1, 1, 1),
(186, 'JBR1904', 'Feeder SOR ODC FAK', '', '', '0000-00-00', '2018-08-03 09:00:01', 2, 32, 1, 1, 1),
(187, 'JBR1905', 'Dist SOR ODC FAK', '', '', '0000-00-00', '2018-08-03 09:00:01', 2, 32, 1, 1, 1),
(188, 'JBR1906', 'Feeder SOR ODC FAM', '', '', '0000-00-00', '2018-08-03 09:00:01', 2, 32, 1, 1, 1),
(189, 'JBR1907', 'Dist SOR ODC FAM', '', '', '0000-00-00', '2018-08-03 09:00:01', 2, 32, 1, 1, 1),
(190, 'JBR1908', 'Feeder SOR ODC FAP', '', '', '0000-00-00', '2018-08-03 09:00:01', 2, 32, 1, 1, 1),
(191, 'JBR1909', 'Dist SOR ODC FAP', '', '', '0000-00-00', '2018-08-03 09:00:01', 2, 32, 1, 1, 1),
(192, 'JBR1910', 'Feeder SOR ODC FAN', '', '', '0000-00-00', '2018-08-03 09:00:01', 2, 32, 1, 1, 1),
(193, 'JBR1911', 'Dist SOR ODC FAN', '', '', '0000-00-00', '2018-08-03 09:00:01', 2, 32, 1, 1, 1),
(194, 'JBR1912', 'Feeder SOR ODC FAV', '', '', '0000-00-00', '2018-08-03 09:00:01', 2, 32, 1, 1, 1),
(195, 'JBR1913', 'Dist SOR ODC FAV', '', '', '0000-00-00', '2018-08-03 09:00:01', 2, 32, 1, 1, 1),
(196, 'JBR1914', 'Feeder SOR ODC FAT', '', '', '0000-00-00', '2018-08-03 09:00:01', 2, 32, 1, 1, 1),
(197, 'JBR1915', 'Dist SOR ODC FAT', '', '', '0000-00-00', '2018-08-03 09:00:02', 2, 32, 1, 1, 1),
(198, 'JBR1916', 'Feeder SOR ODC FAS', '', '', '0000-00-00', '2018-08-03 09:00:02', 2, 32, 1, 1, 1),
(199, 'JBR1917', 'Dist SOR ODC FAS', '', '', '0000-00-00', '2018-08-03 09:00:02', 2, 32, 1, 1, 1),
(200, 'JBR1918', 'Feeder SOR ODC FAU', '', '', '0000-00-00', '2018-08-03 09:00:02', 2, 32, 1, 1, 1),
(201, 'JBR1919', 'Dist SOR ODC FAU', '', '', '0000-00-00', '2018-08-03 09:00:02', 2, 32, 1, 1, 1),
(202, 'JBR1920', 'Feeder SOR ODC FAR', '', '', '0000-00-00', '2018-08-03 09:00:02', 2, 32, 1, 1, 1),
(203, 'JBR1921', 'Dist SOR ODC FAR', '', '', '0000-00-00', '2018-08-03 09:00:02', 2, 32, 1, 1, 1),
(204, 'JBR1922', 'Feeder SOR ODC FAQ', '', '', '0000-00-00', '2018-08-03 09:00:02', 2, 32, 1, 1, 1),
(205, 'JBR1923', 'Dist.SOR ODC FAQ', '', '', '0000-00-00', '2018-08-03 09:00:02', 2, 32, 1, 1, 1),
(206, 'JBR173', 'BCV TAHAP II', '', '', '0000-00-00', '2018-08-03 09:22:10', 1, 9, 1, 5, 1),
(207, 'JBR18', 'CLUSTER D\'LAVENDER', '', '', '0000-00-00', '2018-08-03 09:22:10', 1, 1, 1, 5, 1),
(208, 'JBR16', 'CLUSTER VILLA ASRI', '', '', '0000-00-00', '2018-08-03 09:22:10', 1, 1, 1, 5, 1),
(209, 'JBR27', 'CCD FABKomp City Garden', '', '', '0000-00-00', '2018-08-03 09:22:10', 1, 1, 1, 5, 1),
(210, 'JBR95', 'DGO FAK/FBE/FAH Jl.Hasanudin, Kyai Gede utama, Pager Gunung, Kyai Luhur', '', '', '0000-00-00', '2018-08-03 09:22:10', 1, 2, 1, 5, 1),
(211, 'JBR83', 'DGO FAR/FCF Cluster Jalaprang Sidomukti, sidoluhur', '', '', '0000-00-00', '2018-08-03 09:22:10', 1, 2, 1, 5, 1),
(212, 'JBR91', 'DGO FAV Jl. PRAMESTHA', '', '', '0000-00-00', '2018-08-03 09:22:10', 1, 2, 1, 5, 1),
(213, 'JBR92', 'DGO FAW Komplek PPR ITB', '', '', '0000-00-00', '2018-08-03 09:22:10', 1, 2, 1, 5, 1),
(214, 'JBR41', 'FBLSUKABIRUS', '', '', '0000-00-00', '2018-08-03 09:22:10', 1, 3, 1, 5, 1),
(215, 'JBR78', 'FBMSUKAPURA', '', '', '0000-00-00', '2018-08-03 09:22:10', 1, 3, 1, 5, 1),
(216, 'JBR37', 'FBNAPARTEMEN BUAH BATU', '', '', '0000-00-00', '2018-08-03 09:22:10', 1, 3, 1, 5, 1),
(217, 'JBR50', 'FBNTERUSAN BATU NUNGGAL', '', '', '0000-00-00', '2018-08-03 09:22:10', 1, 3, 1, 5, 1),
(218, 'JBR51', 'FBUMALL MTC', '', '', '0000-00-00', '2018-08-03 09:22:10', 1, 3, 1, 5, 1),
(219, 'JBR48', 'FCECLUSTER BATU KARANG', '', '', '0000-00-00', '2018-08-03 09:22:10', 1, 3, 1, 5, 1),
(220, 'JBR54', 'FCFMUSTIKA TOWN HOUSE RUKO', '', '', '0000-00-00', '2018-08-03 09:22:10', 1, 3, 1, 5, 1),
(221, 'JBR38', 'FCGADIPURA CLUSTER TULIP', '', '', '0000-00-00', '2018-08-03 09:22:10', 1, 3, 1, 5, 1),
(222, 'JBR80', 'FCGADIPURA CLUTER CEMPAKA', '', '', '0000-00-00', '2018-08-03 09:22:11', 1, 3, 1, 5, 1),
(223, 'JBR44', 'FCQBATURADEN', '', '', '0000-00-00', '2018-08-03 09:22:11', 1, 3, 1, 5, 1),
(224, 'JBR79', 'FCVCIGANITRI PERTANIAN', '', '', '0000-00-00', '2018-08-03 09:22:11', 1, 3, 1, 5, 1),
(225, 'JBR47', 'FDACIGANITRI  ', '', '', '0000-00-00', '2018-08-03 09:22:11', 1, 3, 1, 5, 1),
(226, 'JBR46', 'FDAPERMATA BUAH BATU 2', '', '', '0000-00-00', '2018-08-03 09:22:11', 1, 3, 1, 5, 1),
(227, 'JBR40', 'FDBRIUNG BANDUNG', '', '', '0000-00-00', '2018-08-03 09:22:11', 1, 3, 1, 5, 1),
(228, 'JBR49', 'FDJARIA UTAMA/DEPO BANGUNAN', '', '', '0000-00-00', '2018-08-03 09:22:11', 1, 3, 1, 5, 1),
(229, 'JBR75', 'FDTPLUTO', '', '', '0000-00-00', '2018-08-03 09:22:11', 1, 3, 1, 5, 1),
(230, 'JBR77', 'FDVBUMI KIRANA', '', '', '0000-00-00', '2018-08-03 09:22:11', 1, 3, 1, 5, 1),
(231, 'JBR13', 'Grand Panoramic Jl Pasir Impun', '', '', '0000-00-00', '2018-08-03 09:22:11', 1, 1, 1, 5, 1),
(232, 'JBR72', 'JARDENA TOWN HOUSE', '', '', '0000-00-00', '2018-08-03 09:22:11', 1, 3, 1, 5, 1),
(233, 'JBR162', 'Karasak Barat', '', '', '0000-00-00', '2018-08-03 09:22:11', 1, 7, 1, 5, 1),
(234, 'JBR169', 'Kiara Condong', '', '', '0000-00-00', '2018-08-03 09:22:11', 1, 5, 1, 5, 1),
(235, 'JBR108', 'KOTA BANDUNG,HEGARMANAH,CIUMBULEUIT,BUKIT INDAH 14', '', '', '0000-00-00', '2018-08-03 09:22:11', 1, 11, 1, 5, 1),
(236, 'JBR62', 'Pesona Cigantri', '', '', '0000-00-00', '2018-08-03 09:22:11', 1, 3, 1, 5, 1),
(237, 'JBR65', 'RANCA CILI', '', '', '0000-00-00', '2018-08-03 09:22:11', 1, 3, 1, 5, 1),
(238, 'JBR67', 'Ranca Oray', '', '', '0000-00-00', '2018-08-03 09:22:11', 1, 3, 1, 5, 1),
(239, 'JBR158', 'Cluster Panorama', '', '', '0000-00-00', '2018-08-03 09:22:12', 1, 10, 1, 5, 1),
(240, 'JBR1214', 'GCA 1 16 LANTAI Tambahan', '', '', '0000-00-00', '2018-08-03 09:22:12', 1, 11, 1, 5, 1),
(241, 'JBR155', 'Kecamatan Tanjung Kerta', '', '', '0000-00-00', '2018-08-03 09:22:12', 1, 8, 1, 5, 1),
(242, 'JBR170', 'Polda Jabar', '', '', '0000-00-00', '2018-08-03 09:22:12', 1, 9, 1, 5, 1),
(243, 'JBR149', 'Villa Pajajaran', '', '', '0000-00-00', '2018-08-03 09:22:12', 1, 8, 1, 5, 1),
(244, 'JBR188', 'JALAN JAYA GIRI LEMBANG', '', '', '0000-00-00', '2018-08-03 09:22:12', 2, 17, 1, 5, 1),
(245, 'JBR187', 'KOMP PUSDIK AJEN', '', '', '0000-00-00', '2018-08-03 09:22:12', 2, 17, 1, 5, 1),
(246, 'JBR180', 'Penarikan Distribusi ODP Cluster Sindang Panom Indah', '', '', '0000-00-00', '2018-08-03 09:22:12', 2, 16, 1, 5, 1),
(247, 'JBR181', 'Penarikan Distribusi ODP Cluster Vimer Residence', '', '', '0000-00-00', '2018-08-03 09:22:12', 2, 16, 1, 5, 1),
(248, 'JBR190', 'PERUMAHAN DAN RUKO BUANA KALIJAGA RECYDENCE', '', '', '0000-00-00', '2018-08-03 09:22:12', 3, 18, 1, 5, 1),
(249, 'JBR192', 'PERUMAHAN GRIYA KINAYA', '', '', '0000-00-00', '2018-08-03 09:22:12', 3, 18, 1, 5, 1),
(250, 'JBR199', 'Jl. Syech Quro pertigaan Lamaran', '', '', '0000-00-00', '2018-08-03 09:22:12', 4, 20, 1, 5, 1),
(251, 'JBR197', 'Perum Palumbon Sari Asri', '', '', '0000-00-00', '2018-08-03 09:22:12', 4, 20, 1, 5, 1),
(252, 'JBR194', 'Taman Ratu Cluster', '', '', '0000-00-00', '2018-08-03 09:22:12', 4, 20, 1, 5, 1),
(253, 'JBR208', 'SKB,CBD,HS,FTTH PARUNGKUDA FRA,480HP', '', '', '0000-00-00', '2018-08-03 09:22:12', 5, 27, 1, 5, 1),
(254, 'JBR218', 'SKB,SDL,DCS,FTTH PARABON,LEMBAH HIJAU,PALASARI,CINYELAP,PUNCAK SANTIKA,240 PORT', '', '', '0000-00-00', '2018-08-03 09:22:12', 5, 25, 1, 5, 1),
(255, 'JBR225', 'SKB,SKB,CONS,DAERAH TEGAL PANJANG S/D CIBOLANG', '', '', '0000-00-00', '2018-08-03 09:22:12', 5, 26, 1, 5, 1),
(256, 'JBR230', 'Jl. Letjen Mashudi dekat Lanud Tasikmalaya', '', '', '0000-00-00', '2018-08-03 09:22:13', 6, 30, 1, 5, 1),
(257, 'JBR232', 'Route Rancabungur', '', '', '0000-00-00', '2018-08-03 09:22:13', 6, 30, 1, 5, 1),
(258, 'JBR238', 'Perum Cornis Cikadongdong', '', '', '0000-00-00', '2018-08-03 09:22:13', 6, 30, 1, 5, 1),
(259, 'JBR280', 'Grand Imperial Jl Cikoneng', '', '', '0000-00-00', '2018-08-03 10:23:44', 1, 3, 1, 1, 2),
(260, 'JBR90', 'Citra Green Dago Tahap II', '', '', '0000-00-00', '2018-08-03 10:23:44', 1, 2, 1, 1, 2),
(261, 'JBR86', 'DGO FBDJl. TB Ismail VI,VII,VIII,IX,X,XI,XII dsk', '', '', '0000-00-00', '2018-08-03 10:23:44', 1, 2, 1, 1, 2),
(262, 'JBR59', 'MARS BARAT', '', '', '0000-00-00', '2018-08-03 10:23:44', 1, 3, 1, 1, 2),
(263, 'JBR100', 'Pesona Bali City View', '', '', '0000-00-00', '2018-08-03 10:23:44', 1, 6, 1, 1, 2),
(264, 'JBR61', 'VENUS BARAT', '', '', '0000-00-00', '2018-08-03 10:23:44', 1, 3, 1, 1, 2),
(265, 'JBR348', 'DGO FAQJl. Titimplik, tikukur, ciung,jalak dederuk,sukasari, sadang saip', '', '', '0000-00-00', '2018-08-03 10:23:44', 1, 2, 1, 1, 2),
(266, 'JBR349', 'DGO FAR/FCFCluster Jalaprang Sidomukti, sidoluhur', '', '', '0000-00-00', '2018-08-03 10:23:44', 1, 2, 1, 1, 2),
(267, 'JBR350', 'DGO FAVJl. Mekar Wangi Sindang Waas', '', '', '0000-00-00', '2018-08-03 10:23:44', 1, 2, 1, 1, 2),
(268, 'JBR351', 'DGO FAWKomplek PPR ITB', '', '', '0000-00-00', '2018-08-03 10:23:44', 1, 2, 1, 1, 2),
(269, 'JBR314', 'FCFGRIYA SALUYU INDAH', '', '', '0000-00-00', '2018-08-03 10:23:44', 1, 3, 1, 1, 2),
(270, 'JBR281', 'Grand Sharon Cluster O,P, Q', '', '', '0000-00-00', '2018-08-03 10:23:44', 1, 3, 1, 1, 2),
(271, 'JBR367', 'Jl. Asri, Tugu Asri, Jalan Elok , bungursari ', '', '', '0000-00-00', '2018-08-03 10:23:44', 1, 33, 1, 1, 2),
(272, 'JBR258', 'Jl. Cibanteng Jatihandap Atas', '', '', '0000-00-00', '2018-08-03 10:23:44', 1, 9, 1, 1, 2),
(273, 'JBR365', 'Kamarung Regency', '', '', '0000-00-00', '2018-08-03 10:23:45', 2, 12, 1, 1, 2),
(274, 'JBR376', 'LBG FFNJl. Kampus, Mekarsari, Arumsari', '', '', '0000-00-00', '2018-08-03 10:23:45', 1, 33, 1, 1, 2),
(275, 'JBR259', 'Lucky Estate', '', '', '0000-00-00', '2018-08-03 10:23:45', 1, 1, 1, 1, 2),
(276, 'JBR264', 'MARS SELATAN', '', '', '0000-00-00', '2018-08-03 10:23:45', 1, 3, 1, 1, 2),
(277, 'JBR394', 'PANYAWANGAN CLUSTER CEMPAKA TAHAP 2', '', '', '0000-00-00', '2018-08-03 10:23:45', 1, 9, 1, 1, 2),
(278, 'JBR269', 'PLUTO', '', '', '0000-00-00', '2018-08-03 10:23:45', 1, 3, 1, 1, 2),
(279, 'JBR277', 'TAMAN SATURNUS', '', '', '0000-00-00', '2018-08-03 10:23:45', 1, 3, 1, 1, 2),
(280, 'JBR1272', '1. Jalan Pelindung Hewan 80', '', '', '0000-00-00', '2018-08-03 10:23:45', 1, 7, 1, 1, 2),
(281, 'JBR1273', '2. Jalan Inhoftank 80', '', '', '0000-00-00', '2018-08-03 10:23:45', 1, 7, 1, 1, 2),
(282, 'JBR1283', '3. Jalan Moh Toha 160 FBH', '', '', '0000-00-00', '2018-08-03 10:23:46', 1, 7, 1, 1, 2),
(283, 'JBR1284', '3. Jalan Moh Toha 160 FBP', '', '', '0000-00-00', '2018-08-03 10:23:46', 1, 7, 1, 1, 2),
(284, 'JBR1274', '3. Jalan Moh Toha 160 FCC', '', '', '0000-00-00', '2018-08-03 10:23:46', 1, 7, 1, 1, 2),
(285, 'JBR1275', '4. Jalan Muara Timur 40', '', '', '0000-00-00', '2018-08-03 10:23:46', 1, 7, 1, 1, 2),
(286, 'JBR1276', '5. Jalan Mengger Girang 80', '', '', '0000-00-00', '2018-08-03 10:23:46', 1, 7, 1, 1, 2),
(287, 'JBR1277', '6. Jalan Murni 1 40', '', '', '0000-00-00', '2018-08-03 10:23:46', 1, 7, 1, 1, 2),
(288, 'JBR1278', '7. Perumahan Jati Permai 80', '', '', '0000-00-00', '2018-08-03 10:23:46', 1, 7, 1, 1, 2),
(289, 'JBR1280', '8. Dayeuh Kolot 80 FBA', '', '', '0000-00-00', '2018-08-03 10:23:46', 1, 7, 1, 1, 2),
(290, 'JBR1281', '8. Dayeuh Kolot 80 FBC', '', '', '0000-00-00', '2018-08-03 10:23:46', 1, 7, 1, 1, 2),
(291, 'JBR1282', '8. Dayeuh Kolot 80 FBE', '', '', '0000-00-00', '2018-08-03 10:23:47', 1, 7, 1, 1, 2),
(292, 'JBR1279', '8. Dayeuh Kolot 80 FBG', '', '', '0000-00-00', '2018-08-03 10:23:47', 1, 7, 1, 1, 2),
(293, 'JBR1657', 'KEBON LEGA', '', '', '0000-00-00', '2018-08-03 10:23:47', 1, 7, 1, 1, 2),
(294, 'JBR1285', 'New Feeder CJA 5 ODC', '', '', '0000-00-00', '2018-08-03 10:23:47', 1, 3, 1, 1, 2),
(295, 'JBR1286', 'Panghegar Townhouse', '', '', '0000-00-00', '2018-08-03 10:23:47', 1, 3, 1, 1, 2),
(296, 'JBR1658', 'SITUSAEUR', '', '', '0000-00-00', '2018-08-03 10:23:47', 1, 7, 1, 1, 2),
(297, 'JBR1325', 'Jl. Centeh, Jl Pacar', '', '', '0000-00-00', '2018-08-03 10:23:47', 1, 5, 1, 1, 2),
(298, 'JBR1304', 'Komplek STIEB ', '', '', '0000-00-00', '2018-08-03 10:23:47', 1, 2, 1, 1, 2),
(299, 'JBR127', 'Bumi Kiara Payung Jl Bumi Kiara Payung', '', '', '0000-00-00', '2018-08-03 10:23:47', 2, 13, 1, 1, 2),
(300, 'JBR440', 'KOMP CITRA PADALARANG', '', '', '0000-00-00', '2018-08-03 10:23:47', 2, 34, 1, 1, 2),
(301, 'JBR441', 'KOMPLEK DPRD CIJINGJING', '', '', '0000-00-00', '2018-08-03 10:23:47', 2, 34, 1, 1, 2),
(302, 'JBR424', 'KP CITIIS TEGALLEGA DAYEU LUHUR CILILIN', '', '', '0000-00-00', '2018-08-03 10:23:47', 2, 35, 1, 1, 2),
(303, 'JBR408', 'Penarikan Distribusi ODP Cluster Adipati Kertamanag', '', '', '0000-00-00', '2018-08-03 10:23:47', 2, 16, 1, 1, 2),
(304, 'JBR411', 'Penarikan Distribusi ODP Cluster Batu Reok ', '', '', '0000-00-00', '2018-08-03 10:23:47', 2, 16, 1, 1, 2),
(305, 'JBR415', 'Penarikan Distribusi ODP Cluster Margahurip Indah', '', '', '0000-00-00', '2018-08-03 10:23:47', 2, 16, 1, 1, 2),
(306, 'JBR417', 'Penarikan Distribusi ODP Cluster Pintu Regency', '', '', '0000-00-00', '2018-08-03 10:23:47', 2, 16, 1, 1, 2),
(307, 'JBR418', 'Cluster Riung Rangga Cimenteng', '', '', '0000-00-00', '2018-08-03 10:23:47', 2, 16, 1, 1, 2),
(308, 'JBR400', 'Lokasi Laswi Regency', '', '', '0000-00-00', '2018-08-03 10:23:48', 2, 16, 1, 1, 2),
(309, 'JBR1622', 'Baros Indah', '', '', '0000-00-00', '2018-08-03 10:23:48', 2, 12, 1, 1, 2),
(310, 'JBR1600', 'Bumi Citra Indah Cangkuang Cipatik', '', '', '0000-00-00', '2018-08-03 10:23:48', 2, 36, 1, 1, 2),
(311, 'JBR1596', 'Cluster Griya Permata Indah', '', '', '0000-00-00', '2018-08-03 10:23:48', 2, 16, 1, 1, 2),
(312, 'JBR1607', 'Istana Regency 2', '', '', '0000-00-00', '2018-08-03 10:23:48', 2, 37, 1, 1, 2),
(313, 'JBR1608', 'Istana Sudirman Residence', '', '', '0000-00-00', '2018-08-03 10:23:48', 2, 37, 1, 1, 2),
(314, 'JBR1618', 'Jl Budi sekitar radio lita  [3 gang]', '', '', '0000-00-00', '2018-08-03 10:23:48', 2, 12, 1, 1, 2),
(315, 'JBR1621', 'Jl Dira winata / Pakusarakan lama Cidahu', '', '', '0000-00-00', '2018-08-03 10:23:48', 2, 12, 1, 1, 2),
(316, 'JBR1627', 'Jl Kolonel Masturi Kp Sukaresmi', '', '', '0000-00-00', '2018-08-03 10:23:48', 2, 12, 1, 1, 2),
(317, 'JBR1628', 'Jl Kp Rawa pojok hj Ghopur ', '', '', '0000-00-00', '2018-08-03 10:23:48', 2, 12, 1, 1, 2),
(318, 'JBR1634', 'Katalina', '', '', '0000-00-00', '2018-08-03 10:23:48', 2, 37, 1, 1, 2),
(319, 'JBR1635', 'Katalina-Penarikan JT Blk kel cibeureum', '', '', '0000-00-00', '2018-08-03 10:23:49', 2, 37, 1, 1, 2),
(320, 'JBR1636', 'Kom. Budi Indah - Budi Luhur', '', '', '0000-00-00', '2018-08-03 10:23:49', 2, 12, 1, 1, 2),
(321, 'JBR1615', 'Komp Bukit Cimindi Raya', '', '', '0000-00-00', '2018-08-03 10:23:49', 2, 12, 1, 1, 2),
(322, 'JBR1597', 'KOMP BUMI PARAHYANGAN CMI', '', '', '0000-00-00', '2018-08-03 10:23:49', 2, 15, 1, 1, 2),
(323, 'JBR1626', 'Komp Permana ( Jl nyiruan, Karangge, turaes dll )', '', '', '0000-00-00', '2018-08-03 10:23:49', 2, 12, 1, 1, 2),
(324, 'JBR1629', 'Komp Rancabelut  yg sdh ada di Jl Abdul syukur ', '', '', '0000-00-00', '2018-08-03 10:23:49', 2, 12, 1, 1, 2),
(325, 'JBR1610', 'Komplek Pada suka Komplek Pemda  ', '', '', '0000-00-00', '2018-08-03 10:23:49', 2, 12, 1, 1, 2),
(326, 'JBR1603', 'PERUM SELARAS CIMAREME INDAH-SELARAS CIMAREME INDAH', '', '', '0000-00-00', '2018-08-03 10:23:49', 2, 36, 1, 1, 2),
(327, 'JBR1613', 'Royal Garden ', '', '', '0000-00-00', '2018-08-03 10:23:49', 2, 12, 1, 1, 2),
(328, 'JBR623', 'BONANG', '', '', '0000-00-00', '2018-08-03 10:23:49', 3, 38, 1, 1, 2),
(329, 'JBR685', 'DESA KAWUNGHILIR', '', '', '0000-00-00', '2018-08-03 10:23:49', 3, 39, 1, 1, 2),
(330, 'JBR687', 'DESA TAJUR', '', '', '0000-00-00', '2018-08-03 10:23:49', 3, 39, 1, 1, 2),
(331, 'JBR545', 'FTTH DS. CIPEDANG', '', '', '0000-00-00', '2018-08-03 10:23:49', 3, 40, 1, 1, 2),
(332, 'JBR546', 'FTTH DS. SIDO MULYA/BANDOYASA', '', '', '0000-00-00', '2018-08-03 10:23:49', 3, 40, 1, 1, 2),
(333, 'JBR531', 'KEC. BANTARUJEG', '', '', '0000-00-00', '2018-08-03 10:23:49', 3, 41, 1, 1, 2),
(334, 'JBR532', 'KEC. LEMAH SUGIH', '', '', '0000-00-00', '2018-08-03 10:23:49', 3, 41, 1, 1, 2),
(335, 'JBR533', 'KEC. MALAUSMA', '', '', '0000-00-00', '2018-08-03 10:23:49', 3, 41, 1, 1, 2),
(336, 'JBR481', 'LME FTTH BUMI CITRA LESTARI JL JEND SUDIRMAN', '', '', '0000-00-00', '2018-08-03 10:23:50', 3, 18, 1, 1, 2),
(337, 'JBR727', 'LME FTTH DIAMOND REGENCY', '', '', '0000-00-00', '2018-08-03 10:23:50', 3, 19, 1, 1, 2),
(338, 'JBR488', 'LME FTTH KINARA PURI JLN JENDRAL SUDIRMAN GG.DMAI', '', '', '0000-00-00', '2018-08-03 10:23:50', 3, 18, 1, 1, 2),
(339, 'JBR525', 'LME FTTH LME TAMAN SUCI', '', '', '0000-00-00', '2018-08-03 10:23:50', 3, 42, 1, 1, 2),
(340, 'JBR598', 'LME JWG FRD', '', '', '0000-00-00', '2018-08-03 10:23:50', 3, 43, 1, 1, 2),
(341, 'JBR599', 'LME JWG FRE', '', '', '0000-00-00', '2018-08-03 10:23:50', 3, 43, 1, 1, 2),
(342, 'JBR600', 'LME JWG FRG', '', '', '0000-00-00', '2018-08-03 10:23:50', 3, 43, 1, 1, 2),
(343, 'JBR601', 'LME JWG FRH', '', '', '0000-00-00', '2018-08-03 10:23:50', 3, 43, 1, 1, 2),
(344, 'JBR602', 'LME JWG FRJ', '', '', '0000-00-00', '2018-08-03 10:23:50', 3, 43, 1, 1, 2),
(345, 'JBR603', 'LME JWG FRK', '', '', '0000-00-00', '2018-08-03 10:23:50', 3, 43, 1, 1, 2),
(346, 'JBR604', 'LME JWG FRL', '', '', '0000-00-00', '2018-08-03 10:23:50', 3, 43, 1, 1, 2),
(347, 'JBR605', 'LME JWG FRM', '', '', '0000-00-00', '2018-08-03 10:23:50', 3, 43, 1, 1, 2),
(348, 'JBR606', 'LME JWG FRP', '', '', '0000-00-00', '2018-08-03 10:23:50', 3, 43, 1, 1, 2),
(349, 'JBR607', 'LME JWG FRQ', '', '', '0000-00-00', '2018-08-03 10:23:50', 3, 43, 1, 1, 2),
(350, 'JBR608', 'LME JWG MRA', '', '', '0000-00-00', '2018-08-03 10:23:50', 3, 43, 1, 1, 2),
(351, 'JBR609', 'LME JWG MRB', '', '', '0000-00-00', '2018-08-03 10:23:50', 3, 43, 1, 1, 2),
(352, 'JBR610', 'LME JWG MRC', '', '', '0000-00-00', '2018-08-03 10:23:51', 3, 43, 1, 1, 2),
(353, 'JBR612', 'LME JWG RB', '', '', '0000-00-00', '2018-08-03 10:23:51', 3, 43, 1, 1, 2),
(354, 'JBR613', 'LME JWG RC', '', '', '0000-00-00', '2018-08-03 10:23:51', 3, 43, 1, 1, 2),
(355, 'JBR643', 'LME KAD RB', '', '', '0000-00-00', '2018-08-03 10:23:51', 3, 38, 1, 1, 2),
(356, 'JBR644', 'LME KAD RC', '', '', '0000-00-00', '2018-08-03 10:23:51', 3, 38, 1, 1, 2),
(357, 'JBR541', 'LME Komp. Panorama Bandorasa', '', '', '0000-00-00', '2018-08-03 10:23:51', 3, 44, 1, 1, 2),
(358, 'JBR691', 'LME MJL FRK', '', '', '0000-00-00', '2018-08-03 10:23:51', 3, 39, 1, 1, 2),
(359, 'JBR694', 'LME MJL FRN', '', '', '0000-00-00', '2018-08-03 10:23:51', 3, 39, 1, 1, 2),
(360, 'JBR696', 'LME MJL FRR', '', '', '0000-00-00', '2018-08-03 10:23:51', 3, 39, 1, 1, 2),
(361, 'JBR699', 'LME MJLRB', '', '', '0000-00-00', '2018-08-03 10:23:51', 3, 39, 1, 1, 2),
(362, 'JBR700', 'LME MJLRC', '', '', '0000-00-00', '2018-08-03 10:23:51', 3, 39, 1, 1, 2),
(363, 'JBR703', 'LME MJLRF', '', '', '0000-00-00', '2018-08-03 10:23:51', 3, 39, 1, 1, 2),
(364, 'JBR550', 'Nyeplit dari FAG-FAA (12 core)', '', '', '0000-00-00', '2018-08-03 10:23:51', 3, 45, 1, 1, 2),
(365, 'JBR547', 'ODC-HAR-FAB', '', '', '0000-00-00', '2018-08-03 10:23:51', 3, 40, 1, 1, 2),
(366, 'JBR548', 'ODC-HAR-FAS', '', '', '0000-00-00', '2018-08-03 10:23:51', 3, 40, 1, 1, 2),
(367, 'JBR551', 'ODC-IMY-FAB', '', '', '0000-00-00', '2018-08-03 10:23:51', 3, 45, 1, 1, 2),
(368, 'JBR552', 'ODC-IMY-FAC', '', '', '0000-00-00', '2018-08-03 10:23:51', 3, 45, 1, 1, 2),
(369, 'JBR553', 'ODC-IMY-FAE', '', '', '0000-00-00', '2018-08-03 10:23:52', 3, 45, 1, 1, 2),
(370, 'JBR554', 'ODC-IMY-FAG', '', '', '0000-00-00', '2018-08-03 10:23:52', 3, 45, 1, 1, 2),
(371, 'JBR555', 'ODC-IMY-FAH', '', '', '0000-00-00', '2018-08-03 10:23:52', 3, 45, 1, 1, 2),
(372, 'JBR556', 'ODC-IMY-FAJ', '', '', '0000-00-00', '2018-08-03 10:23:52', 3, 45, 1, 1, 2),
(373, 'JBR557', 'ODC-IMY-FAN', '', '', '0000-00-00', '2018-08-03 10:23:52', 3, 45, 1, 1, 2),
(374, 'JBR558', 'ODC-IMY-FAU', '', '', '0000-00-00', '2018-08-03 10:23:52', 3, 45, 1, 1, 2),
(375, 'JBR559', 'ODC-IMY-FAV', '', '', '0000-00-00', '2018-08-03 10:23:52', 3, 45, 1, 1, 2),
(376, 'JBR560', 'ODC-IMY-FAZ', '', '', '0000-00-00', '2018-08-03 10:23:52', 3, 45, 1, 1, 2),
(377, 'JBR561', 'ODC-IMY-FBA', '', '', '0000-00-00', '2018-08-03 10:23:52', 3, 45, 1, 1, 2),
(378, 'JBR562', 'ODC-IMY-FBC', '', '', '0000-00-00', '2018-08-03 10:23:52', 3, 45, 1, 1, 2),
(379, 'JBR563', 'ODC-IMY-FBD', '', '', '0000-00-00', '2018-08-03 10:23:52', 3, 45, 1, 1, 2),
(380, 'JBR564', 'ODC-IMY-FBE', '', '', '0000-00-00', '2018-08-03 10:23:52', 3, 45, 1, 1, 2),
(381, 'JBR565', 'ODC-IMY-FBM', '', '', '0000-00-00', '2018-08-03 10:23:52', 3, 45, 1, 1, 2),
(382, 'JBR566', 'ODC-IMY-FBN', '', '', '0000-00-00', '2018-08-03 10:23:52', 3, 45, 1, 1, 2),
(383, 'JBR567', 'ODC-IMY-FBP', '', '', '0000-00-00', '2018-08-03 10:23:52', 3, 45, 1, 1, 2),
(384, 'JBR568', 'ODC-IMY-FBR', '', '', '0000-00-00', '2018-08-03 10:23:52', 3, 45, 1, 1, 2),
(385, 'JBR569', 'ODC-IMY-FBS', '', '', '0000-00-00', '2018-08-03 10:23:52', 3, 45, 1, 1, 2),
(386, 'JBR615', 'ODC-JTW-FAA', '', '', '0000-00-00', '2018-08-03 10:23:52', 3, 43, 1, 1, 2),
(387, 'JBR616', 'ODC-JTW-FAB', '', '', '0000-00-00', '2018-08-03 10:23:52', 3, 43, 1, 1, 2),
(388, 'JBR617', 'ODC-JTW-FAD', '', '', '0000-00-00', '2018-08-03 10:23:52', 3, 43, 1, 1, 2),
(389, 'JBR618', 'ODC-JTW-FAE', '', '', '0000-00-00', '2018-08-03 10:23:53', 3, 43, 1, 1, 2),
(390, 'JBR619', 'ODC-JTW-FAG', '', '', '0000-00-00', '2018-08-03 10:23:53', 3, 43, 1, 1, 2),
(391, 'JBR620', 'ODC-JTW-FAP', '', '', '0000-00-00', '2018-08-03 10:23:53', 3, 43, 1, 1, 2),
(392, 'JBR621', 'ODC-JTW-FAU', '', '', '0000-00-00', '2018-08-03 10:23:53', 3, 43, 1, 1, 2),
(393, 'JBR711', 'PADAHANTEN', '', '', '0000-00-00', '2018-08-03 10:23:53', 3, 39, 1, 1, 2),
(394, 'JBR722', 'PEKERJAAN FTTH FBE DS. GEBANG UDIK', '', '', '0000-00-00', '2018-08-03 10:23:53', 3, 46, 1, 1, 2),
(395, 'JBR570', 'Penaerikan Feeder& Dist dari FAH ke Perum Griya Mulia', '', '', '0000-00-00', '2018-08-03 10:23:53', 3, 45, 1, 1, 2),
(396, 'JBR571', 'Penarikan distribusi dari FAB', '', '', '0000-00-00', '2018-08-03 10:23:53', 3, 45, 1, 1, 2),
(397, 'JBR586', 'Penarikan Distribusi FBG', '', '', '0000-00-00', '2018-08-03 10:23:53', 3, 47, 1, 1, 2),
(398, 'JBR572', 'Penarikan Feeder dari FAA-FBF', '', '', '0000-00-00', '2018-08-03 10:23:53', 3, 45, 1, 1, 2),
(399, 'JBR573', 'Penarikan Feeder dari FAA-FBG', '', '', '0000-00-00', '2018-08-03 10:23:53', 3, 45, 1, 1, 2),
(400, 'JBR574', 'Penarikan Feeder dari FAA-FCD', '', '', '0000-00-00', '2018-08-03 10:23:53', 3, 45, 1, 1, 2),
(401, 'JBR575', 'Penarikan Feeder dari FAG-FAA', '', '', '0000-00-00', '2018-08-03 10:23:53', 3, 45, 1, 1, 2),
(402, 'JBR576', 'Penarikan Feeder dari FAG-FBV', '', '', '0000-00-00', '2018-08-03 10:23:53', 3, 45, 1, 1, 2),
(403, 'JBR577', 'Penarikan Feeder dari FBV-FAJ', '', '', '0000-00-00', '2018-08-03 10:23:53', 3, 45, 1, 1, 2),
(404, 'JBR578', 'Penarikan Feeder dari STO ke FAG', '', '', '0000-00-00', '2018-08-03 10:23:53', 3, 45, 1, 1, 2),
(405, 'JBR579', 'Penarikan Feeder STO-FAH', '', '', '0000-00-00', '2018-08-03 10:23:53', 3, 45, 1, 1, 2),
(406, 'JBR679', 'Penarikan Feeder&Dist dari FBH-NEW ODC', '', '', '0000-00-00', '2018-08-03 10:23:54', 3, 48, 1, 1, 2),
(407, 'JBR680', 'Penarikan Feeder&Dist dari NEW ODC-KROYA', '', '', '0000-00-00', '2018-08-03 10:23:54', 3, 48, 1, 1, 2),
(408, 'JBR594', 'Penggantian Feeder FBK RSK dari FBB', '', '', '0000-00-00', '2018-08-03 10:23:54', 3, 47, 1, 1, 2),
(409, 'JBR595', 'Rancajawat', '', '', '0000-00-00', '2018-08-03 10:23:54', 3, 47, 1, 1, 2),
(410, 'JBR580', 'Teluk Agung', '', '', '0000-00-00', '2018-08-03 10:23:54', 3, 45, 1, 1, 2),
(411, 'JBR1684', 'RGA-MRA', '', '', '0000-00-00', '2018-08-03 10:23:54', 3, 49, 1, 1, 2),
(412, 'JBR1685', 'RGA-MRB', '', '', '0000-00-00', '2018-08-03 10:23:54', 3, 49, 1, 1, 2),
(413, 'JBR1686', 'RGA-MRC', '', '', '0000-00-00', '2018-08-03 10:23:54', 3, 49, 1, 1, 2),
(414, 'JBR1352', 'BAZ REGENCI ARUM SARI', '', '', '0000-00-00', '2018-08-03 10:23:54', 3, 19, 1, 1, 2),
(415, 'JBR1360', 'CEMPAKA VELAGGE', '', '', '0000-00-00', '2018-08-03 10:23:54', 3, 19, 1, 1, 2),
(416, 'JBR1361', 'GANTAR', '', '', '0000-00-00', '2018-08-03 10:23:54', 3, 40, 1, 1, 2),
(417, 'JBR1353', 'GRAHA ARKA PLUMBON', '', '', '0000-00-00', '2018-08-03 10:23:54', 3, 50, 1, 1, 2),
(418, 'JBR1364', 'GRAND DUTA TAMBI', '', '', '0000-00-00', '2018-08-03 10:23:54', 3, 47, 1, 1, 2),
(419, 'JBR1366', 'JENGKOK', '', '', '0000-00-00', '2018-08-03 10:23:54', 3, 47, 1, 1, 2),
(420, 'JBR1351', 'KENANGA REGENCY', '', '', '0000-00-00', '2018-08-03 10:23:54', 3, 51, 1, 1, 2),
(421, 'JBR1367', 'KLIWED', '', '', '0000-00-00', '2018-08-03 10:23:55', 3, 47, 1, 1, 2),
(422, 'JBR1349', 'KOMPLEK  BUKIT CIPERNA', '', '', '0000-00-00', '2018-08-03 10:23:55', 3, 18, 1, 1, 2),
(423, 'JBR1350', 'KOMPLEK SAMPIRAN INDAH', '', '', '0000-00-00', '2018-08-03 10:23:55', 3, 18, 1, 1, 2),
(424, 'JBR1363', 'MEKAR GADING', '', '', '0000-00-00', '2018-08-03 10:23:55', 3, 47, 1, 1, 2),
(425, 'JBR1373', 'ODC-PAB-FAB ( Hulu Banteng )', '', '', '0000-00-00', '2018-08-03 10:23:55', 3, 46, 1, 1, 2),
(426, 'JBR1376', 'PANONGAN', '', '', '0000-00-00', '2018-08-03 10:23:55', 3, 43, 1, 1, 2),
(427, 'JBR1359', 'PEJAMBON GEGUNUNG ', '', '', '0000-00-00', '2018-08-03 10:23:55', 3, 19, 1, 1, 2),
(428, 'JBR1344', 'PERUMAHAN DOSEN UNSWAGATI SILAKACA', '', '', '0000-00-00', '2018-08-03 10:23:55', 3, 18, 1, 1, 2),
(429, 'JBR1348', 'Perumahan HASNA', '', '', '0000-00-00', '2018-08-03 10:23:55', 3, 18, 1, 1, 2),
(430, 'JBR1362', 'SLEMAN', '', '', '0000-00-00', '2018-08-03 10:23:55', 3, 47, 1, 1, 2),
(431, 'JBR1345', 'SULTAN RESIDENCE', '', '', '0000-00-00', '2018-08-03 10:23:55', 3, 18, 1, 1, 2),
(432, 'JBR1357', 'TAMAN KALIWULU BLOK H', '', '', '0000-00-00', '2018-08-03 10:23:55', 3, 19, 1, 1, 2),
(433, 'JBR1358', 'TAMAN TUKMUDAL INDAH', '', '', '0000-00-00', '2018-08-03 10:23:55', 3, 19, 1, 1, 2),
(434, 'JBR1365', 'TAMBI', '', '', '0000-00-00', '2018-08-03 10:23:55', 3, 47, 1, 1, 2),
(435, 'JBR195', 'Jl. Arief Rachman Hakim', '', '', '0000-00-00', '2018-08-03 10:23:55', 4, 20, 1, 1, 2),
(436, 'JBR868', 'BTN SUBANG JAYA', '', '', '0000-00-00', '2018-08-03 10:23:55', 4, 21, 1, 1, 2),
(437, 'JBR834', 'Cluster PURNAWARMAN', '', '', '0000-00-00', '2018-08-03 10:23:55', 4, 22, 1, 1, 2),
(438, 'JBR817', 'DESA MULYASARI', '', '', '0000-00-00', '2018-08-03 10:23:55', 4, 52, 1, 1, 2),
(439, 'JBR836', 'JL. HABIB MUHAMAD FAM ', '', '', '0000-00-00', '2018-08-03 10:23:55', 4, 22, 1, 1, 2),
(440, 'JBR821', 'JL. ION KARTASASMITA PAMANUKAN (tambahan ODP , krn banyak yg habis)', '', '', '0000-00-00', '2018-08-03 10:23:56', 4, 52, 1, 1, 2),
(441, 'JBR881', 'JL. PANJI ( D\' PANJI, PANJI CLUSTER DAN GSK 1 )', '', '', '0000-00-00', '2018-08-03 10:23:56', 4, 21, 1, 1, 2),
(442, 'JBR893', 'Jl. Ronggowaluyo', '', '', '0000-00-00', '2018-08-03 10:23:56', 4, 23, 1, 1, 2),
(443, 'JBR883', 'JL.R. DEDENG S (CIMERTA)', '', '', '0000-00-00', '2018-08-03 10:23:56', 4, 21, 1, 1, 2),
(444, 'JBR765', 'JOMIN ESTATE', '', '', '0000-00-00', '2018-08-03 10:23:56', 4, 53, 1, 1, 2),
(445, 'JBR766', 'JOMIN PERMAI', '', '', '0000-00-00', '2018-08-03 10:23:56', 4, 53, 1, 1, 2),
(446, 'JBR797', 'Kampung Gintungkerta', '', '', '0000-00-00', '2018-08-03 10:23:56', 4, 54, 1, 1, 2),
(447, 'JBR774', 'KASOMALAN-CISALAK-GARDUSAYANG', '', '', '0000-00-00', '2018-08-03 10:23:56', 4, 55, 1, 1, 2),
(448, 'JBR798', 'Perum Citra Kebun Mas (belakang)', '', '', '0000-00-00', '2018-08-03 10:23:56', 4, 54, 1, 1, 2),
(449, 'JBR769', 'Perum Griya Citra Persada', '', '', '0000-00-00', '2018-08-03 10:23:56', 4, 53, 1, 1, 2),
(450, 'JBR855', 'Perum Kota Baru', '', '', '0000-00-00', '2018-08-03 10:23:57', 4, 22, 1, 1, 2),
(451, 'JBR770', 'Perum Panorama Indah', '', '', '0000-00-00', '2018-08-03 10:23:57', 4, 53, 1, 1, 2),
(452, 'JBR806', 'Perum Puri Raya Asri', '', '', '0000-00-00', '2018-08-03 10:23:57', 4, 20, 1, 1, 2),
(453, 'JBR771', 'RAWA MAS INDAH', '', '', '0000-00-00', '2018-08-03 10:23:57', 4, 53, 1, 1, 2),
(454, 'JBR890', 'TANJUNGWANGI (GALIAN PASIR)', '', '', '0000-00-00', '2018-08-03 10:23:57', 4, 21, 1, 1, 2),
(455, 'JBR1646', 'JOHAR INDAH', '', '', '0000-00-00', '2018-08-03 10:23:57', 4, 20, 1, 1, 2),
(456, 'JBR1647', 'RANGGA GEDE', '', '', '0000-00-00', '2018-08-03 10:23:57', 4, 20, 1, 1, 2),
(457, 'JBR1586', 'BLOK CILAMERI (JL AMPERA)', '', '', '0000-00-00', '2018-08-03 10:23:57', 4, 21, 1, 1, 2),
(458, 'JBR1572', 'CIGANEA INDAH', '', '', '0000-00-00', '2018-08-03 10:23:57', 4, 22, 1, 1, 2),
(459, 'JBR1495', 'CIJALU', '', '', '0000-00-00', '2018-08-03 10:23:57', 4, 53, 1, 1, 2),
(460, 'JBR1534', 'Cluster Buana Asri Lamaran ', '', '', '0000-00-00', '2018-08-03 10:23:57', 4, 20, 1, 1, 2),
(461, 'JBR1529', 'de Kraton', '', '', '0000-00-00', '2018-08-03 10:23:57', 4, 54, 1, 1, 2),
(462, 'JBR1494', 'JL A. YANI', '', '', '0000-00-00', '2018-08-03 10:23:57', 4, 53, 1, 1, 2),
(463, 'JBR1505', 'JL RAYA TANGULUN DESA TANGGULUN', '', '', '0000-00-00', '2018-08-03 10:23:57', 4, 56, 1, 1, 2),
(464, 'JBR1499', 'JL SUDIRMAN BABAKAN MAJA', '', '', '0000-00-00', '2018-08-03 10:23:57', 4, 53, 1, 1, 2),
(465, 'JBR1548', 'Jl. Pramuka Dalam', '', '', '0000-00-00', '2018-08-03 10:23:57', 4, 20, 1, 1, 2),
(466, 'JBR1500', 'JL. Tengah CIATER Gg. Bunga', '', '', '0000-00-00', '2018-08-03 10:23:58', 4, 55, 1, 1, 2),
(467, 'JBR1571', 'JLN ALTERNATIF CIKOPAK   ', '', '', '0000-00-00', '2018-08-03 10:23:58', 4, 22, 1, 1, 2),
(468, 'JBR1556', 'Kampung Gempol Rawa', '', '', '0000-00-00', '2018-08-03 10:23:58', 4, 20, 1, 1, 2),
(469, 'JBR1498', 'Kampung Kamojing', '', '', '0000-00-00', '2018-08-03 10:23:58', 4, 53, 1, 1, 2),
(470, 'JBR1530', 'Kandiwa I', '', '', '0000-00-00', '2018-08-03 10:23:58', 4, 54, 1, 1, 2),
(471, 'JBR1502', 'KEC JALAN CAGAK Desa Jalancagak', '', '', '0000-00-00', '2018-08-03 10:23:58', 4, 55, 1, 1, 2),
(472, 'JBR1580', 'Perm TESA', '', '', '0000-00-00', '2018-08-03 10:23:58', 4, 22, 1, 1, 2),
(473, 'JBR1553', 'Perum Mutiara Jaya', '', '', '0000-00-00', '2018-08-03 10:23:58', 4, 20, 1, 1, 2),
(474, 'JBR1579', 'Perum Puri Yasmin', '', '', '0000-00-00', '2018-08-03 10:23:58', 4, 22, 1, 1, 2),
(475, 'JBR1492', 'Perum Purwasari Permai', '', '', '0000-00-00', '2018-08-03 10:23:58', 4, 53, 1, 1, 2),
(476, 'JBR1546', 'Perum Taman Palumbon Asri', '', '', '0000-00-00', '2018-08-03 10:23:58', 4, 20, 1, 1, 2),
(477, 'JBR1591', 'Perum Telagsari Indah', '', '', '0000-00-00', '2018-08-03 10:23:58', 4, 57, 1, 1, 2),
(478, 'JBR1547', 'Perum Tunggakjati Regency', '', '', '0000-00-00', '2018-08-03 10:23:58', 4, 20, 1, 1, 2),
(479, 'JBR1537', 'Perumahan Guro 2', '', '', '0000-00-00', '2018-08-03 10:23:58', 4, 20, 1, 1, 2),
(480, 'JBR1578', 'Prum Bukit Berbunga', '', '', '0000-00-00', '2018-08-03 10:23:58', 4, 22, 1, 1, 2),
(481, 'JBR1574', 'Purnayudha', '', '', '0000-00-00', '2018-08-03 10:23:59', 4, 22, 1, 1, 2),
(482, 'JBR1506', 'PURWADADI PASAR', '', '', '0000-00-00', '2018-08-03 10:23:59', 4, 56, 1, 1, 2),
(483, 'JBR1497', 'SUKASEURI IR JUANDA FAD', '', '', '0000-00-00', '2018-08-03 10:23:59', 4, 53, 1, 1, 2),
(484, 'JBR1503', 'TAMBAKAN / TAMBAKSARI', '', '', '0000-00-00', '2018-08-03 10:23:59', 4, 55, 1, 1, 2),
(485, 'JBR1526', 'Terminal Klari', '', '', '0000-00-00', '2018-08-03 10:23:59', 4, 54, 1, 1, 2);
INSERT INTO `work_order` (`WODE_ID`, `WODE_ID_TA`, `WODE_NAMA_LOKASI`, `WODE_KOORDINAT`, `WODE_ALAMAT`, `WODE_TANGGAL`, `WODE_TIMESTAMP`, `WODE_WTEL_ID`, `WODE_SWIT_ID`, `WODE_PROG_ID`, `WODE_STAT_ID`, `WODE_SUPR_ID`) VALUES
(486, 'JBR1585', 'WANAREJA', '', '', '0000-00-00', '2018-08-03 10:23:59', 4, 21, 1, 1, 2),
(487, 'JBR914', 'SKB,CBB,DCS,FRE KP.PASIR MUNDING CIBEBER 144HP', '', '', '0000-00-00', '2018-08-03 10:23:59', 5, 58, 1, 1, 2),
(488, 'JBR920', 'SKB,CCR,DCS,CIMELATI,FRAC,88Port', '', '', '0000-00-00', '2018-08-03 10:23:59', 5, 28, 1, 1, 2),
(489, 'JBR925', 'SKB,CCR,HS,FEEDER,CIMELATI-BENTENG,96CORE', '', '', '0000-00-00', '2018-08-03 10:23:59', 5, 28, 1, 1, 2),
(490, 'JBR945', 'SKB,CJR,DCS,JL GUNUNG GEDE CIANJUR ODC FAU,480HP', '', '', '0000-00-00', '2018-08-03 10:23:59', 5, 24, 1, 1, 2),
(491, 'JBR946', 'SKB,CJR,DCS,Jl. Bojong Maleber Depan Aspol Maleber  ODC-CJR-FCR,480HP', '', '', '0000-00-00', '2018-08-03 10:23:59', 5, 24, 1, 1, 2),
(492, 'JBR947', 'SKB,CJR,DCS,Jl. Munjul - Kp. Soreang  ODC-CJR-FCG,480HP', '', '', '0000-00-00', '2018-08-03 10:23:59', 5, 24, 1, 1, 2),
(493, 'JBR948', 'SKB,CJR,DCS,Jl. Munjul - Pasir Nangka  ODC-CJR-FCH,480HP', '', '', '0000-00-00', '2018-08-03 10:23:59', 5, 24, 1, 1, 2),
(494, 'JBR949', 'SKB,CJR,DCS,Jl. Parigi - Ds. Sukamaju  ODC-CJR-FCJ,480HP', '', '', '0000-00-00', '2018-08-03 10:23:59', 5, 24, 1, 1, 2),
(495, 'JBR1420', 'SKB, SDL, HS, GADOG CINANGSI', '', '', '0000-00-00', '2018-08-03 10:23:59', 5, 25, 1, 1, 2),
(496, 'JBR1419', 'SKB, SDL, HS, GADOG VIHARA', '', '', '0000-00-00', '2018-08-03 10:24:00', 5, 25, 1, 1, 2),
(497, 'JBR1425', 'SKB, SDL, HS, KAMPUNG GBO', '', '', '0000-00-00', '2018-08-03 10:24:00', 5, 25, 1, 1, 2),
(498, 'JBR1429', 'SKB, SDL, HS, PASEKON GANG BUNGA, SD IV, ALFAMART DAN SWADAYA', '', '', '0000-00-00', '2018-08-03 10:24:00', 5, 25, 1, 1, 2),
(499, 'JBR1398', 'SKB,CBD,DCS,PERUM CIBADAK PERMAI', '', '', '0000-00-00', '2018-08-03 10:24:00', 5, 27, 1, 1, 2),
(500, 'JBR1395', 'SKB,CBD,DCS,PERUM NEGLASARI', '', '', '0000-00-00', '2018-08-03 10:24:00', 5, 27, 1, 1, 2),
(501, 'JBR1404', 'SKB,CBD,HS,FTTH KP BOJONG LONGOK', '', '', '0000-00-00', '2018-08-03 10:24:00', 5, 27, 1, 1, 2),
(502, 'JBR1400', 'SKB,CBD,HS,PALASARI', '', '', '0000-00-00', '2018-08-03 10:24:00', 5, 27, 1, 1, 2),
(503, 'JBR1403', 'SKB,CBD,HS,PASAR CIBADAK', '', '', '0000-00-00', '2018-08-03 10:24:00', 5, 27, 1, 1, 2),
(504, 'JBR1396', 'SKB,CBD,HS,SINDANGSARI PAKUWON', '', '', '0000-00-00', '2018-08-03 10:24:00', 5, 27, 1, 1, 2),
(505, 'JBR1408', 'SKB,CCR,DCS,KP.CIJAMBE DAN PERUM JAYANTI', '', '', '0000-00-00', '2018-08-03 10:24:00', 5, 28, 1, 1, 2),
(506, 'JBR1409', 'SKB,CCR,HS,FEEDER,CIMELATI-BENTENG,96CORE PERUM ATLANTIS', '', '', '0000-00-00', '2018-08-03 10:24:00', 5, 28, 1, 1, 2),
(507, 'JBR1421', 'SKB,CKB,DCS,KP.PANGLESERAN_FRN', '', '', '0000-00-00', '2018-08-03 10:24:00', 5, 59, 1, 1, 2),
(508, 'JBR1412', 'SKB,CKB,DCS,UBRUG CINUTUG', '', '', '0000-00-00', '2018-08-03 10:24:00', 5, 59, 1, 1, 2),
(509, 'JBR1388', 'SKB,SDL,DCS,FTTH PALASARI  dan bougenville', '', '', '0000-00-00', '2018-08-03 10:24:01', 5, 25, 1, 1, 2),
(510, 'JBR1431', 'SKB,SDL,HS, PUNCAK RESORT. BOUGENVILLE', '', '', '0000-00-00', '2018-08-03 10:24:01', 5, 25, 1, 1, 2),
(511, 'JBR1414', 'SKB,SKB,DCS,Bumi Asri Cikiray', '', '', '0000-00-00', '2018-08-03 10:24:01', 5, 26, 1, 1, 2),
(512, 'JBR1430', 'SKB,SKB,DCS,Graha Taman Sukabumi', '', '', '0000-00-00', '2018-08-03 10:24:01', 5, 25, 1, 1, 2),
(513, 'JBR1194', 'Banyuresmi Menggeur', '', '', '0000-00-00', '2018-08-03 10:24:01', 6, 60, 1, 1, 2),
(514, 'JBR1124', 'Cibalong ', '', '', '0000-00-00', '2018-08-03 10:24:01', 6, 61, 1, 1, 2),
(515, 'JBR1038', 'Ciganjeng', '', '', '0000-00-00', '2018-08-03 10:24:02', 6, 62, 1, 1, 2),
(516, 'JBR1136', 'Cipasung Area', '', '', '0000-00-00', '2018-08-03 10:24:02', 6, 63, 1, 1, 2),
(517, 'JBR1109', 'Cipatujah', '', '', '0000-00-00', '2018-08-03 10:24:02', 6, 64, 1, 1, 2),
(518, 'JBR1051', 'CISAGA KOTA', '', '', '0000-00-00', '2018-08-03 10:24:02', 6, 65, 1, 1, 2),
(519, 'JBR1102', 'JL. Selacai - Karang pawitan', '', '', '0000-00-00', '2018-08-03 10:24:02', 6, 66, 1, 1, 2),
(520, 'JBR1196', 'Karangpawitan', '', '', '0000-00-00', '2018-08-03 10:24:03', 6, 60, 1, 1, 2),
(521, 'JBR1126', 'KIARA KOHOK ODC FAF', '', '', '0000-00-00', '2018-08-03 10:24:03', 6, 61, 1, 1, 2),
(522, 'JBR1127', 'Mancagahar', '', '', '0000-00-00', '2018-08-03 10:24:03', 6, 61, 1, 1, 2),
(523, 'JBR1042', 'Pamarican Kertahayu', '', '', '0000-00-00', '2018-08-03 10:24:03', 6, 62, 1, 1, 2),
(524, 'JBR1053', 'PATARUMAN', '', '', '0000-00-00', '2018-08-03 10:24:03', 6, 65, 1, 1, 2),
(525, 'JBR1082', 'Perum cempaka wangi', '', '', '0000-00-00', '2018-08-03 10:24:03', 6, 67, 1, 1, 2),
(526, 'JBR1084', 'Perum Garut City', '', '', '0000-00-00', '2018-08-03 10:24:03', 6, 67, 1, 1, 2),
(527, 'JBR1085', 'Perum malayu tahap 2', '', '', '0000-00-00', '2018-08-03 10:24:03', 6, 67, 1, 1, 2),
(528, 'JBR1086', 'Perum Mandala 2', '', '', '0000-00-00', '2018-08-03 10:24:03', 6, 67, 1, 1, 2),
(529, 'JBR1087', 'Perum Sumber Jati Recidence', '', '', '0000-00-00', '2018-08-03 10:24:04', 6, 67, 1, 1, 2),
(530, 'JBR1088', 'Perumahan Cahaya Indah /  JL.KAUM SAMARANG - SAMPIREUN', '', '', '0000-00-00', '2018-08-03 10:24:04', 6, 67, 1, 1, 2),
(531, 'JBR1090', 'Perumahan Grand View', '', '', '0000-00-00', '2018-08-03 10:24:04', 6, 67, 1, 1, 2),
(532, 'JBR1091', 'Perumahan Mandala Residence 2', '', '', '0000-00-00', '2018-08-03 10:24:04', 6, 67, 1, 1, 2),
(533, 'JBR1092', 'Perumahan NHK', '', '', '0000-00-00', '2018-08-03 10:24:04', 6, 67, 1, 1, 2),
(534, 'JBR1093', 'Perumahan Oma', '', '', '0000-00-00', '2018-08-03 10:24:04', 6, 67, 1, 1, 2),
(535, 'JBR1094', 'Perumahan Pesona Cipanas', '', '', '0000-00-00', '2018-08-03 10:24:04', 6, 67, 1, 1, 2),
(536, 'JBR1147', 'Puspahiang Area', '', '', '0000-00-00', '2018-08-03 10:24:04', 6, 63, 1, 1, 2),
(537, 'JBR1187', 'Route Nagara Kasih Gungkalong', '', '', '0000-00-00', '2018-08-03 10:24:04', 6, 30, 1, 1, 2),
(538, 'JBR1043', 'Route Padaherang', '', '', '0000-00-00', '2018-08-03 10:24:04', 6, 62, 1, 1, 2),
(539, 'JBR1197', 'Route Wanaraja kota', '', '', '0000-00-00', '2018-08-03 10:24:05', 6, 60, 1, 1, 2),
(540, 'JBR1096', 'Sepanjang jalan Nusa indah, Subyadinata, proklamasi', '', '', '0000-00-00', '2018-08-03 10:24:05', 6, 67, 1, 1, 2),
(541, 'JBR1150', 'Singaparna Kudang Area', '', '', '0000-00-00', '2018-08-03 10:24:05', 6, 63, 1, 1, 2),
(542, 'JBR1198', 'Sucinaraja', '', '', '0000-00-00', '2018-08-03 10:24:05', 6, 60, 1, 1, 2),
(543, 'JBR1107', 'Windu Raja Kawali', '', '', '0000-00-00', '2018-08-03 10:24:05', 6, 66, 1, 1, 2),
(544, 'JBR1695', 'CIMARGAS', '', '', '0000-00-00', '2018-08-03 10:24:05', 6, 65, 1, 1, 2),
(545, 'JBR1697', 'WARUNG BUAH, SITU BATU JL CIMARGAS / Balokang', '', '', '0000-00-00', '2018-08-03 10:24:05', 6, 65, 1, 1, 2),
(546, 'JBR1476', 'Jl Bunderan Tarogong-Tanjung', '', '', '0000-00-00', '2018-08-03 10:24:05', 6, 67, 1, 1, 2),
(547, 'JBR1474', 'Jl Ciwalen- Bratayuda ', '', '', '0000-00-00', '2018-08-03 10:24:05', 6, 67, 1, 1, 2),
(548, 'JBR1454', 'Perum Margalaksana / Perum Marga Mulya', '', '', '0000-00-00', '2018-08-03 10:24:05', 6, 63, 1, 1, 2),
(549, 'JBR1698', 'Apartemen Technoplex', '', '', '0000-00-00', '2018-08-03 10:24:05', 1, 3, 1, 1, 2),
(550, 'JBR272', 'RIUNG BANDUNG', '', '', '0000-00-00', '2018-08-03 10:24:05', 1, 3, 1, 1, 2),
(551, 'JBR1337', 'Jl. Papangonggan - JL.PAPANGGUNGAN', '', '', '0000-00-00', '2018-08-03 10:24:05', 1, 5, 1, 1, 2),
(552, 'JBR778', 'SAGALAHERANG', '', '', '0000-00-00', '2018-08-03 10:24:06', 4, 55, 1, 1, 2),
(553, 'JBR908', 'SKB,CBD,DCS,PARUNGKUDA FRA, 48 PORT', '', '', '0000-00-00', '2018-08-03 10:24:06', 5, 27, 1, 1, 2),
(554, 'JBR922', 'SKB,CCR,DCS,JL.CIDAHU (FRT) 96 PORT', '', '', '0000-00-00', '2018-08-03 10:24:06', 5, 28, 1, 1, 2),
(555, 'JBR923', 'SKB,CCR,DCS,JL.CIDAHU (FRT_FRU_FRV_FRN) FEEDER,96CORE', '', '', '0000-00-00', '2018-08-03 10:24:06', 5, 28, 1, 1, 2),
(556, 'JBR985', 'SKB,JPK,DCS,DESA CIMANGGU, 72 PORT', '', '', '0000-00-00', '2018-08-03 10:24:06', 5, 29, 1, 1, 2),
(557, 'JBR1397', 'SKB,CBD,DCS,KP.NAGRAK LEBAK', '', '', '0000-00-00', '2018-08-03 10:24:06', 5, 27, 1, 1, 2),
(558, 'JBR1152', 'Bukit Rancageuneg Permai', '', '', '0000-00-00', '2018-08-03 10:24:06', 6, 30, 1, 1, 2),
(559, 'JBR1154', 'Buninagara 1', '', '', '0000-00-00', '2018-08-03 10:24:06', 6, 30, 1, 1, 2),
(560, 'JBR1155', 'Burujul 2 dan 3 Tasikmalaya', '', '', '0000-00-00', '2018-08-03 10:24:06', 6, 30, 1, 1, 2),
(561, 'JBR1157', 'Komplek Griya Permata Indah', '', '', '0000-00-00', '2018-08-03 10:24:06', 6, 30, 1, 1, 2),
(562, 'JBR1159', 'Leuwi anyar1', '', '', '0000-00-00', '2018-08-03 10:24:06', 6, 30, 1, 1, 2),
(563, 'JBR1160', 'Leuwi anyar2', '', '', '0000-00-00', '2018-08-03 10:24:06', 6, 30, 1, 1, 2),
(564, 'JBR1169', 'Perum Grand Mutiara Ciakar', '', '', '0000-00-00', '2018-08-03 10:24:06', 6, 30, 1, 1, 2),
(565, 'JBR1170', 'Perum Mancogeh', '', '', '0000-00-00', '2018-08-03 10:24:06', 6, 30, 1, 1, 2),
(566, 'JBR1179', 'Perum Villa Perdania Residence', '', '', '0000-00-00', '2018-08-03 10:24:06', 6, 30, 1, 1, 2),
(567, 'JBR1181', 'Perumahan Bumi Mutiara Mandiri', '', '', '0000-00-00', '2018-08-03 10:24:06', 6, 30, 1, 1, 2),
(568, 'JBR1182', 'Route Bojongnangka & Depok', '', '', '0000-00-00', '2018-08-03 10:24:06', 6, 30, 1, 1, 2),
(569, 'JBR1183', 'Route Cigantang', '', '', '0000-00-00', '2018-08-03 10:24:06', 6, 30, 1, 1, 2),
(570, 'JBR1185', 'Route Golempang Sukamenak', '', '', '0000-00-00', '2018-08-03 10:24:06', 6, 30, 1, 1, 2),
(571, 'JBR1192', 'The Nirmala Garden', '', '', '0000-00-00', '2018-08-03 10:24:07', 6, 30, 1, 1, 2),
(572, 'JBR1701', 'ARAH YAKES SEKITAR & APARTEMEN NOTWON', '', '', '0000-00-00', '2018-08-03 10:24:07', 1, 3, 1, 1, 2),
(573, 'JBR1703', 'SPPHIrE TOWN HOUSE', '', '', '0000-00-00', '2018-08-03 10:24:07', 1, 3, 1, 1, 2),
(574, 'JBR1709', 'JL.TERUSAN BUAH BATU KIRI & KANAN', '', '', '0000-00-00', '2018-08-03 10:24:07', 1, 3, 1, 1, 2),
(575, 'JBR1711', 'JALAN JATIHANDAP 20 UNIT', '', '', '0000-00-00', '2018-08-03 10:24:07', 1, 1, 1, 1, 2),
(576, 'JBR1712', 'KOMP MANDALAJATI RESIDENCE (40 UNIT)', '', '', '0000-00-00', '2018-08-03 10:24:07', 1, 1, 1, 1, 2),
(577, 'JBR1713', 'KOMP.BUMI INDAH RAHAYU', '', '', '0000-00-00', '2018-08-03 10:24:07', 1, 1, 1, 1, 2),
(578, 'JBR1719', 'GREEN MANSION & PALASARI', '', '', '0000-00-00', '2018-08-03 10:24:07', 1, 9, 1, 1, 2),
(579, 'JBR1720', 'KOMPLEK ASTOM', '', '', '0000-00-00', '2018-08-03 10:24:07', 1, 9, 1, 1, 2),
(580, 'JBR1721', 'LEMBANG KOTA/JL RAYA LEMBANG/PASAR LEMBANG', '', '', '0000-00-00', '2018-08-03 10:24:07', 2, 17, 1, 1, 2),
(581, 'JBR1722', 'JL BUKA NEGARA LEMBANG/JL RAYA KOLMAS ARAH LEMBANG', '', '', '0000-00-00', '2018-08-03 10:24:07', 2, 17, 1, 1, 2),
(582, 'JBR1723', 'CLUSTER VALEY VERDE', '', '', '0000-00-00', '2018-08-03 10:24:07', 2, 68, 1, 1, 2),
(583, 'JBR1724', 'UNIGAL', '', '', '0000-00-00', '2018-08-03 10:24:07', 6, 31, 1, 1, 2),
(584, 'JBR1728', 'Jl Ciganitri Utara', '', '', '0000-00-00', '2018-08-03 10:24:07', 1, 3, 1, 1, 2),
(585, 'JBR1730', 'Bojong Sari', '', '', '0000-00-00', '2018-08-03 10:24:07', 1, 3, 1, 1, 2),
(586, 'JBR1731', 'Rancabolang', '', '', '0000-00-00', '2018-08-03 10:24:07', 1, 3, 1, 1, 2),
(587, 'JBR1732', 'antamulya', '', '', '0000-00-00', '2018-08-03 10:24:07', 1, 3, 1, 1, 2),
(588, 'JBR1733', 'graha batu karang', '', '', '0000-00-00', '2018-08-03 10:24:07', 1, 3, 1, 1, 2),
(589, 'JBR1737', 'JALAN CEMARA - 5 ODP', '', '', '0000-00-00', '2018-08-03 10:24:07', 1, 3, 1, 1, 2),
(590, 'JBR1738', 'JALAN ADI PURING - 6 ODP', '', '', '0000-00-00', '2018-08-03 10:24:08', 1, 3, 1, 1, 2),
(591, 'JBR1740', 'VILA ILHAMI PERMATA', '', '', '0000-00-00', '2018-08-03 10:24:08', 1, 3, 1, 1, 2),
(592, 'JBR1741', 'PESONA CIWASTRA PERMAI', '', '', '0000-00-00', '2018-08-03 10:24:08', 1, 3, 1, 1, 2),
(593, 'JBR1746', 'GARDEN CITY', '', '', '0000-00-00', '2018-08-03 10:24:08', 1, 3, 1, 1, 2),
(594, 'JBR1749', 'GBA 3 BLOCK A dan N', '', '', '0000-00-00', '2018-08-03 10:24:08', 1, 3, 1, 1, 2),
(595, 'JBR1750', 'ADHIYAKSA RAYA', '', '', '0000-00-00', '2018-08-03 10:24:08', 1, 3, 1, 1, 2),
(596, 'JBR1751', 'AKITA 1 dan 2', '', '', '0000-00-00', '2018-08-03 10:24:08', 1, 3, 1, 1, 2),
(597, 'JBR1753', 'RIUNG SALUYU', '', '', '0000-00-00', '2018-08-03 10:24:08', 1, 3, 1, 1, 2),
(598, 'JBR1754', 'GG. EKA WARGA I', '', '', '0000-00-00', '2018-08-03 10:24:08', 1, 4, 1, 1, 2),
(599, 'JBR1755', 'GG. MASJID JL. SADANG BUNTU', '', '', '0000-00-00', '2018-08-03 10:24:08', 1, 4, 1, 1, 2),
(600, 'JBR1756', 'JL CIGONEWAH RAHAYU', '', '', '0000-00-00', '2018-08-03 10:24:08', 1, 4, 1, 1, 2),
(601, 'JBR1757', 'JL.M.H.ABDUL ROCHMAN', '', '', '0000-00-00', '2018-08-03 10:24:08', 1, 4, 1, 1, 2),
(602, 'JBR1758', 'KOMPLEK PERGUDANGAN CIBOLERANG', '', '', '0000-00-00', '2018-08-03 10:24:08', 1, 4, 1, 1, 2),
(603, 'JBR1761', 'NYENGSERET', '', '', '0000-00-00', '2018-08-03 10:24:08', 1, 7, 1, 1, 2),
(604, 'JBR1764', 'MENGGER - SUKAATI', '', '', '0000-00-00', '2018-08-03 10:24:08', 1, 7, 1, 1, 2),
(605, 'JBR1766', 'JL.BOJONG LOA', '', '', '0000-00-00', '2018-08-03 10:24:08', 1, 7, 1, 1, 2),
(606, 'JBR1767', 'JL.LIO GENTENG', '', '', '0000-00-00', '2018-08-03 10:24:08', 1, 7, 1, 1, 2),
(607, 'JBR1768', 'CISIRUNG', '', '', '0000-00-00', '2018-08-03 10:24:08', 1, 7, 1, 1, 2),
(608, 'JBR1775', 'sari endah', '', '', '0000-00-00', '2018-08-03 10:24:08', 1, 6, 1, 1, 2),
(609, 'JBR1776', 'kampung dangdeur', '', '', '0000-00-00', '2018-08-03 10:24:09', 1, 6, 1, 1, 2),
(610, 'JBR1777', 'cilandak', '', '', '0000-00-00', '2018-08-03 10:24:09', 1, 6, 1, 1, 2),
(611, 'JBR1781', 'Gegerkalong Girang - Gg Cempaka & geger Arum', '', '', '0000-00-00', '2018-08-03 10:24:09', 1, 6, 1, 1, 2),
(612, 'JBR1784', 'Sersan Surip', '', '', '0000-00-00', '2018-08-03 10:24:09', 1, 6, 1, 1, 2),
(613, 'JBR1787', 'Cidadap Girang', '', '', '0000-00-00', '2018-08-03 10:24:09', 1, 6, 1, 1, 2),
(614, 'JBR1790', 'JL. Parakan Saat Dalam', '', '', '0000-00-00', '2018-08-03 10:24:09', 1, 1, 1, 1, 2),
(615, 'JBR1791', 'Jl Pasir Layung Gang Mekar V', '', '', '0000-00-00', '2018-08-03 10:24:09', 1, 1, 1, 1, 2),
(616, 'JBR1792', 'Jl Jatihandap Gang Saodah', '', '', '0000-00-00', '2018-08-03 10:24:09', 1, 1, 1, 1, 2),
(617, 'JBR1793', 'Karang Pamulang RW03 Cikadut', '', '', '0000-00-00', '2018-08-03 10:24:09', 1, 1, 1, 1, 2),
(618, 'JBR1801', 'CARINGIN', '', '', '0000-00-00', '2018-08-03 10:24:09', 1, 4, 1, 1, 2),
(619, 'JBR1803', 'CIGONDEWAH KIDUL (GRAHA HIJAU)', '', '', '0000-00-00', '2018-08-03 10:24:09', 1, 4, 1, 1, 2),
(620, 'JBR1807', 'Ds CIBADUYUT KIDUL', '', '', '0000-00-00', '2018-08-03 10:24:09', 1, 4, 1, 1, 2),
(621, 'JBR1809', 'Ds CIGONDEWAH HILIR', '', '', '0000-00-00', '2018-08-03 10:24:09', 1, 4, 1, 1, 2),
(622, 'JBR1813', 'Ds CIRANGRANG', '', '', '0000-00-00', '2018-08-03 10:24:09', 1, 4, 1, 1, 2),
(623, 'JBR1816', 'Ds MARGAHAYU SELATAN', '', '', '0000-00-00', '2018-08-03 10:24:09', 1, 4, 1, 1, 2),
(624, 'JBR1817', 'Ds MARGAHAYU TENGAH', '', '', '0000-00-00', '2018-08-03 10:24:09', 1, 4, 1, 1, 2),
(625, 'JBR1823', 'Ds SAYATI', '', '', '0000-00-00', '2018-08-03 10:24:09', 1, 4, 1, 1, 2),
(626, 'JBR1824', 'Ds SUKAMENAK', '', '', '0000-00-00', '2018-08-03 10:24:09', 1, 4, 1, 1, 2),
(627, 'JBR1825', 'Ds SULAEMAN', '', '', '0000-00-00', '2018-08-03 10:24:10', 1, 4, 1, 1, 2),
(628, 'JBR1829', 'BABAKAN SARI', '', '', '0000-00-00', '2018-08-03 10:24:10', 1, 33, 1, 1, 2),
(629, 'JBR1830', 'BABAKAN SURABAYA', '', '', '0000-00-00', '2018-08-03 10:24:10', 1, 33, 1, 1, 2),
(630, 'JBR1835', 'CIBANGKONG', '', '', '0000-00-00', '2018-08-03 10:24:10', 1, 5, 1, 1, 2),
(631, 'JBR1837', 'CIKAWAO', '', '', '0000-00-00', '2018-08-03 10:24:10', 1, 33, 1, 1, 2),
(632, 'JBR1850', 'MALEER', '', '', '0000-00-00', '2018-08-03 10:24:10', 1, 5, 1, 1, 2),
(633, 'JBR1864', 'Komplek Islamic Centre jatihandap', '', '', '0000-00-00', '2018-08-03 10:24:10', 1, 1, 1, 1, 2),
(634, 'JBR1865', 'SMA IT ANWARUL HUDA', '', '', '0000-00-00', '2018-08-03 10:24:10', 3, 18, 1, 1, 2),
(635, 'JBR1866', 'COFFE BEAN TRANSMART', '', '', '0000-00-00', '2018-08-03 10:24:10', 3, 18, 1, 1, 2),
(636, 'JBR1867', 'ERWIN ISKANDAR', '', '', '0000-00-00', '2018-08-03 10:24:10', 3, 18, 1, 1, 2),
(637, 'JBR1868', 'WIDALYONO', '', '', '0000-00-00', '2018-08-03 10:24:10', 3, 18, 1, 1, 2),
(638, 'JBR1869', 'WISMA PEPABRI LINGGARJATI', '', '', '0000-00-00', '2018-08-03 10:24:10', 3, 44, 1, 1, 2),
(639, 'JBR1870', 'TOTO SAPTA', '', '', '0000-00-00', '2018-08-03 10:24:10', 3, 44, 1, 1, 2),
(640, 'JBR1871', 'YOGI TYANDARU', '', '', '0000-00-00', '2018-08-03 10:24:10', 3, 44, 1, 1, 2),
(641, 'JBR1872', 'JAKARJA', '', '', '0000-00-00', '2018-08-03 10:24:10', 3, 47, 1, 1, 2),
(642, 'JBR1873', 'KUSNAEDI', '', '', '0000-00-00', '2018-08-03 10:24:10', 3, 69, 1, 1, 2),
(643, 'JBR1874', 'A FENNY RACHMAN', '', '', '0000-00-00', '2018-08-03 10:24:11', 3, 69, 1, 1, 2),
(644, 'JBR1875', 'DENY SOLEHUDIN', '', '', '0000-00-00', '2018-08-03 10:24:11', 3, 69, 1, 1, 2),
(645, 'JBR1877', 'Graha Estetika', '', '', '0000-00-00', '2018-08-03 10:24:11', 3, 18, 1, 1, 2),
(646, 'JBR1878', 'Perum Grand Cicantel tahap2 (ASAL Perum Grand Cicantel)', '', '', '0000-00-00', '2018-08-03 10:24:11', 6, 30, 1, 1, 2),
(647, 'JBR1880', 'Perum Buana Swites Bebedahan Tasikmlaya (ASAL Area Kecamatan Bungursari)', '', '', '0000-00-00', '2018-08-03 10:24:11', 6, 30, 1, 1, 2),
(648, 'JBR1885', 'Mahkota Singosari', '', '', '0000-00-00', '2018-08-03 10:24:11', 2, 37, 1, 1, 2),
(649, 'JBR1886', 'Sukahaji', '', '', '0000-00-00', '2018-08-03 10:24:11', 1, 6, 1, 1, 2),
(650, 'JBR1887', 'Cidurian Utara', '', '', '0000-00-00', '2018-08-03 10:24:11', 1, 5, 1, 1, 2),
(651, 'JBR1888', 'Cipendawa Baru', '', '', '0000-00-00', '2018-08-03 10:24:11', 5, 26, 1, 1, 2),
(652, 'JBR1889', 'Perum Setiabudi', '', '', '0000-00-00', '2018-08-03 10:24:11', 5, 25, 1, 1, 2),
(653, 'JBR1890', 'Nagrak Cihanyawar', '', '', '0000-00-00', '2018-08-03 10:24:11', 5, 27, 1, 1, 2),
(654, 'JBR1891', 'Perum Asoka', '', '', '0000-00-00', '2018-08-03 10:24:11', 5, 26, 1, 1, 2),
(655, 'JBR1892', 'Sakura Gardenia', '', '', '0000-00-00', '2018-08-03 10:24:11', 5, 26, 1, 1, 2),
(656, 'JBR1893', 'Perum Bumi Raharja', '', '', '0000-00-00', '2018-08-03 10:24:11', 5, 26, 1, 1, 2),
(657, 'JBR1894', 'Alun-Alun Cicurug', '', '', '0000-00-00', '2018-08-03 10:24:11', 5, 28, 1, 1, 2),
(658, 'JBR1895', 'Kampung Cikondang', '', '', '0000-00-00', '2018-08-03 10:24:11', 5, 70, 1, 1, 2),
(659, 'JBR1924', 'PASAR PUJASERA', '', '', '0000-00-00', '2018-08-03 10:24:11', 4, 71, 1, 1, 2),
(660, 'JBR1925', 'Anggrek 2', '', '', '0000-00-00', '2018-08-03 10:24:12', 6, 67, 1, 1, 2),
(661, 'JBR1926', 'JL.TALAGA BODAS ALUN ALUN - GAPURA BEBEDAHAN', '', '', '0000-00-00', '2018-08-03 10:24:12', 6, 67, 1, 1, 2),
(662, 'JBR1927', 'KATAPANG', '', '', '0000-00-00', '2018-08-03 10:24:12', 6, 67, 1, 1, 2),
(663, 'JBR1928', 'Jembatan opat', '', '', '0000-00-00', '2018-08-03 10:24:12', 1, 5, 1, 1, 2),
(664, 'JBR1929', 'Sekemirung', '', '', '0000-00-00', '2018-08-03 10:24:12', 1, 2, 1, 1, 2),
(665, 'JBR1930', 'JL negla', '', '', '0000-00-00', '2018-08-03 10:24:12', 1, 6, 1, 1, 2),
(666, 'JBR1931', 'JLN.BUNDERAN SIMPANG 5 SUBYADINATA - JL MERDEKA', '', '', '0000-00-00', '2018-08-03 10:24:12', 6, 67, 1, 1, 2),
(667, 'JBR1932', 'Jl Logam', '', '', '0000-00-00', '2018-08-03 10:24:12', 1, 3, 1, 1, 2),
(668, 'JBR1933', 'Komp G-Land Regency PDL', '', '', '0000-00-00', '2018-08-03 10:24:12', 2, 36, 1, 1, 2),
(669, 'JBR1934', 'Perum Bumi Pataruman 2', '', '', '0000-00-00', '2018-08-03 10:24:12', 2, 72, 1, 1, 2),
(670, 'JBR1935', 'Jl. Cilisung', '', '', '0000-00-00', '2018-08-03 10:24:12', 1, 4, 1, 1, 2),
(671, 'JBR1936', 'Perum Batu Wangi', '', '', '0000-00-00', '2018-08-03 10:24:12', 1, 4, 1, 1, 2),
(672, 'JBR1992', 'TERUSAN SUTAMI', '', '', '0000-00-00', '2018-08-03 10:24:12', 1, 6, 1, 1, 2),
(673, 'JBR1993', 'SETRARIA', '', '', '0000-00-00', '2018-08-03 10:24:12', 1, 6, 1, 1, 2),
(674, 'JBR1994', 'SETRASARI KULON', '', '', '0000-00-00', '2018-08-03 10:24:13', 1, 6, 1, 1, 2),
(675, 'JBR1995', 'LEMBAH NENDEUT', '', '', '0000-00-00', '2018-08-03 10:24:13', 1, 6, 1, 1, 2),
(676, 'JBR1996', 'JALAN KEADILAN (FEEDER)', '', '', '0000-00-00', '2018-08-03 10:24:13', 1, 3, 1, 1, 2),
(677, 'JBR1997', 'padma babakan ciparay holis', '', '', '0000-00-00', '2018-08-03 10:24:13', 2, 37, 1, 1, 2),
(678, 'JBR1998', 'pancanaka royal garden Jl ciuyah', '', '', '0000-00-00', '2018-08-03 10:24:39', 2, 12, 1, 1, 2),
(679, 'JBR1999', 'Perum Jatiwangi', '', '', '0000-00-00', '2018-08-03 10:24:39', 6, 30, 1, 1, 2),
(680, 'JBR2000', 'Perum Melati Mas Gunung Mangu', '', '', '0000-00-00', '2018-08-03 10:24:39', 6, 30, 1, 1, 2),
(681, 'JBR2001', 'ODC-IMY-FAD', '', '', '0000-00-00', '2018-08-03 10:24:39', 3, 45, 1, 1, 2),
(682, 'JBR2002', 'ODC-IMY-FAF', '', '', '0000-00-00', '2018-08-03 10:24:39', 3, 45, 1, 1, 2),
(683, 'JBR2003', 'IMY-FBM Tahap 2', '', '', '0000-00-00', '2018-08-03 10:24:39', 3, 45, 1, 1, 2),
(684, 'JBR2004', 'ODC-IMY-FBT', '', '', '0000-00-00', '2018-08-03 10:24:39', 3, 45, 1, 1, 2),
(685, 'JBR2005', 'ODC-IMY-FCD', '', '', '0000-00-00', '2018-08-03 10:24:39', 3, 45, 1, 1, 2),
(686, 'JBR2006', 'ODC-IMY-FCL NEW', '', '', '0000-00-00', '2018-08-03 10:24:39', 3, 45, 1, 1, 2),
(687, 'JBR2007', 'Penarikan Feeder dari STO ke FAA', '', '', '0000-00-00', '2018-08-03 10:24:40', 3, 45, 1, 1, 2),
(688, 'JBR2008', 'Penarikan Feeder FAA-ODC-IMY-FCL NEW', '', '', '0000-00-00', '2018-08-03 10:24:40', 3, 45, 1, 1, 2),
(689, 'JBR2009', 'Penarikan Feeder FAF-FBP', '', '', '0000-00-00', '2018-08-03 10:24:40', 3, 45, 1, 1, 2),
(690, 'JBR2010', 'Penarikan Feeder FAG-FBM(STO-FBM)', '', '', '0000-00-00', '2018-08-03 10:24:40', 3, 45, 1, 1, 2),
(691, 'JBR2011', 'Penarikan Feeder FAJ-FBS', '', '', '0000-00-00', '2018-08-03 10:24:40', 3, 45, 1, 1, 2),
(692, 'JBR2012', 'Penarikan Feeder FAJ-ODC-IMY-FCK NEW', '', '', '0000-00-00', '2018-08-03 10:24:40', 3, 45, 1, 1, 2),
(693, 'JBR2013', 'Penarikan Feeder FBG-FAR', '', '', '0000-00-00', '2018-08-03 10:24:40', 3, 45, 1, 1, 2),
(694, 'JBR2014', 'Penarikan Feeder FBG-FBD', '', '', '0000-00-00', '2018-08-03 10:24:40', 3, 45, 1, 1, 2),
(695, 'JBR2015', 'Penarikan Feeder FBM-FAF', '', '', '0000-00-00', '2018-08-03 10:24:40', 3, 45, 1, 1, 2),
(696, 'JBR2016', 'Penarikan Feeder FBM-FAP', '', '', '0000-00-00', '2018-08-03 10:24:40', 3, 45, 1, 1, 2),
(697, 'JBR2017', 'TC JL. KEMBAR BARAT', '', '', '0000-00-00', '2018-08-03 10:24:40', 1, 7, 1, 1, 2),
(698, 'JBR2018', 'TC JL. PUNGKUR', '', '', '0000-00-00', '2018-08-03 10:24:40', 1, 7, 1, 1, 2),
(699, 'JBR2019', 'TC JL. DULATIP (DCLP)', '', '', '0000-00-00', '2018-08-03 10:24:40', 1, 33, 1, 1, 2),
(700, 'JBR2020', 'TC JL. OTISTA (ODC-LBG-FCA)', '', '', '0000-00-00', '2018-08-03 10:24:40', 1, 33, 1, 1, 2),
(701, 'JBR2021', 'TC JL. TAMIM & OTISTA', '', '', '0000-00-00', '2018-08-03 10:24:40', 1, 33, 1, 1, 2),
(702, 'JBR2022', 'TC JL. LENGKONG KECIL, JL. KASIM', '', '', '0000-00-00', '2018-08-03 10:24:40', 1, 33, 1, 1, 2),
(703, 'JBR2023', 'KOMP PILAR PANYILEUKAN', '', '', '0000-00-00', '2018-08-03 10:24:40', 1, 9, 1, 1, 2),
(704, 'JBR2024', 'BEBER GRAND ESTATE', '', '', '0000-00-00', '2018-08-03 10:24:41', 3, 44, 1, 1, 2),
(705, 'JBR2025', 'BUANA REGENCY', '', '', '0000-00-00', '2018-08-03 10:24:41', 3, 69, 1, 1, 2),
(706, 'JBR2026', 'BUMI ASRI PLUMBON', '', '', '0000-00-00', '2018-08-03 10:24:41', 3, 19, 1, 1, 2),
(707, 'JBR2027', 'CEMPAKA WANGI', '', '', '0000-00-00', '2018-08-03 10:24:41', 3, 19, 1, 1, 2),
(708, 'JBR2028', 'DESA HALIMPU', '', '', '0000-00-00', '2018-08-03 10:24:41', 3, 44, 1, 1, 2),
(709, 'JBR2029', 'GRAND PATROL RECIDENT', '', '', '0000-00-00', '2018-08-03 10:24:41', 3, 73, 1, 1, 2),
(710, 'JBR2030', 'GREEN VIEW HALIMPU', '', '', '0000-00-00', '2018-08-03 10:24:41', 3, 44, 1, 1, 2),
(711, 'JBR2031', 'GRIYA ASRI HALIMPU', '', '', '0000-00-00', '2018-08-03 10:24:41', 3, 44, 1, 1, 2),
(712, 'JBR2032', 'KONDANGSARI REGENCY', '', '', '0000-00-00', '2018-08-03 10:24:41', 3, 44, 1, 1, 2),
(713, 'JBR2033', 'KOTA ALAM BEBER', '', '', '0000-00-00', '2018-08-03 10:24:41', 3, 44, 1, 1, 2),
(714, 'JBR2034', 'PANORAMA BUKIT HALIMPU', '', '', '0000-00-00', '2018-08-03 10:24:41', 3, 44, 1, 1, 2),
(715, 'JBR2035', 'TAMAN NUANSA DEPOK', '', '', '0000-00-00', '2018-08-03 10:24:41', 3, 50, 1, 1, 2),
(716, 'JBR2036', 'KOMPLEK PERMATA JALAN SAFIR 1 NO.4 CIMAHI', '', '', '0000-00-00', '2018-08-03 10:24:41', 2, 12, 1, 1, 2),
(717, 'JBR2037', 'KOMP ISTANA RGNC', '', '', '0000-00-00', '2018-08-03 10:24:41', 2, 37, 1, 1, 2),
(718, 'JBR2038', 'FESTIVAL CITYLINK', '', '', '0000-00-00', '2018-08-03 10:24:41', 2, 37, 1, 1, 2),
(719, 'JBR2043', 'PADAASIH REGENCY BLOK C 14', '', '', '0000-00-00', '2018-08-03 10:24:41', 2, 68, 1, 1, 2),
(720, 'JBR2044', 'JL BOBOJONG CILILIN', '', '', '0000-00-00', '2018-08-03 10:24:41', 2, 35, 1, 1, 2),
(721, 'JBR2045', 'JL RANCA PANGGUNG RUMAH MAKAN KATINEUNG', '', '', '0000-00-00', '2018-08-03 10:24:41', 2, 35, 1, 1, 2),
(722, 'JBR2046', 'JL RANCA PANGGUNG SMPN 2 CILILIN', '', '', '0000-00-00', '2018-08-03 10:24:42', 2, 35, 1, 1, 2),
(723, 'JBR2047', 'KAWASAN BRIMOB DATASEMENT B', '', '', '0000-00-00', '2018-08-03 10:24:42', 2, 17, 1, 1, 2),
(724, 'JBR2048', 'PANYAIRAN CIHIDEUNG', '', '', '0000-00-00', '2018-08-03 10:24:42', 2, 17, 1, 1, 2),
(725, 'JBR2049', 'DESA LANGEN SARI JL MARIBAYA', '', '', '0000-00-00', '2018-08-03 10:24:42', 2, 17, 1, 1, 2),
(726, 'JBR2050', 'SMK BHAKTI NUSANTARA NASIONAL', '', '', '0000-00-00', '2018-08-03 10:24:42', 2, 68, 1, 1, 2),
(727, 'JBR2051', 'PANWASLU KAB BANDUNG', '', '', '0000-00-00', '2018-08-03 10:24:42', 2, 32, 1, 1, 2),
(728, 'JBR2052', 'JL.PANUNDAAN MARGAMULYA', '', '', '0000-00-00', '2018-08-03 10:24:42', 2, 74, 1, 1, 2),
(729, 'JBR2053', 'JL CIMAUNG', '', '', '0000-00-00', '2018-08-03 10:24:42', 2, 16, 1, 1, 2),
(730, 'JBR2054', 'PANWASLU BHAYANGKARA', '', '', '0000-00-00', '2018-08-03 10:24:42', 2, 32, 1, 1, 2),
(731, 'JBR2055', 'KPCIPICUNG', '', '', '0000-00-00', '2018-08-03 10:24:42', 2, 16, 1, 1, 2),
(732, 'JBR2056', 'JL.PANIISAN BOJONG WARU', '', '', '0000-00-00', '2018-08-03 10:24:42', 2, 16, 1, 1, 2),
(733, 'JBR2057', 'JL.LEMBUR KADU', '', '', '0000-00-00', '2018-08-03 10:24:42', 2, 16, 1, 1, 2),
(734, 'JBR2058', 'JL.BOJONG RENGAS', '', '', '0000-00-00', '2018-08-03 10:24:42', 2, 75, 1, 1, 2),
(735, 'JBR2059', 'JL.PALEDANG (MJY-FBM)', '', '', '0000-00-00', '2018-08-03 10:24:42', 2, 75, 1, 1, 2),
(736, 'JBR2060', 'SMA KP2 CIPARAY', '', '', '0000-00-00', '2018-08-03 10:24:42', 2, 75, 1, 1, 2),
(737, 'JBR2061', 'SMK TARUNA WIYATAMANDALA', '', '', '0000-00-00', '2018-08-03 10:24:42', 2, 14, 1, 1, 2),
(738, 'JBR2062', 'CLUSTER PAJAGALAN ASRI', '', '', '0000-00-00', '2018-08-03 10:24:42', 2, 16, 1, 1, 2),
(739, 'JBR2063', 'JL. BOJONG MALAKA', '', '', '0000-00-00', '2018-08-03 10:24:43', 2, 16, 1, 1, 2),
(740, 'JBR2064', 'JL. RAYA PACET', '', '', '0000-00-00', '2018-08-03 10:24:43', 2, 75, 1, 1, 2),
(741, 'JBR2065', 'SUKAWANGI REGENCY ,KOMP KUTA WARINGIN,JL RAYA NANJUNG CISAAT ODC-BTJ-FBA', '', '', '0000-00-00', '2018-08-03 10:24:43', 2, 36, 1, 1, 2),
(742, 'JBR2066', 'JL SELACAU ODC-BTJ-FDH', '', '', '0000-00-00', '2018-08-03 10:24:43', 2, 36, 1, 1, 2),
(743, 'JBR2067', 'JL MANDALA MUKTI ,KP MANDALA SARI,JL AMD ODC-CKW-FAB', '', '', '0000-00-00', '2018-08-03 10:24:43', 2, 76, 1, 1, 2),
(744, 'JBR2068', 'KP CIBODAS MARIBAYA ODC-LEM-NEW', '', '', '0000-00-00', '2018-08-03 10:24:43', 2, 17, 1, 1, 2),
(745, 'JBR2069', 'KP WANGUN HARJA,KP CIPUTRI ODC-LEM-FAG', '', '', '0000-00-00', '2018-08-03 10:24:43', 2, 17, 1, 1, 2),
(746, 'JBR2070', 'ODC-BDK-FED & PERUM BATU WANGI', '', '', '0000-00-00', '2018-08-03 10:24:43', 1, 4, 1, 1, 2),
(747, 'JBR2071', 'FDH - SATRIA RAYA - KOMPLEK SAPTA', '', '', '0000-00-00', '2018-08-03 10:24:43', 1, 4, 1, 1, 2),
(748, 'JBR2072', 'FCW - KOMP. SAUYUNAN', '', '', '0000-00-00', '2018-08-03 10:24:43', 1, 4, 1, 1, 2),
(749, 'JBR2073', 'FCV - CIBADUYUT', '', '', '0000-00-00', '2018-08-03 10:24:43', 1, 4, 1, 1, 2),
(750, 'JBR2074', 'FCU - CIBADUYUT', '', '', '0000-00-00', '2018-08-03 10:24:43', 1, 4, 1, 1, 2),
(751, 'JBR2075', 'FCT - CIBADUYUT', '', '', '0000-00-00', '2018-08-03 10:24:43', 1, 4, 1, 1, 2),
(752, 'JBR2076', 'FCD - KOPO ELOK', '', '', '0000-00-00', '2018-08-03 10:24:43', 1, 4, 1, 1, 2),
(753, 'JBR2077', 'FCC - CIRANGRANG', '', '', '0000-00-00', '2018-08-03 10:24:43', 1, 4, 1, 1, 2),
(754, 'JBR2079', 'FAR - PASADENA RESIDENCE', '', '', '0000-00-00', '2018-08-03 10:24:43', 1, 4, 1, 1, 2),
(755, 'JBR2080', 'TLE-FBS- KARASAK - SOEKARNO HATTA', '', '', '0000-00-00', '2018-08-03 10:24:44', 1, 7, 1, 1, 2),
(756, 'JBR2081', 'TLE-FBN-CIBIUK', '', '', '0000-00-00', '2018-08-03 10:24:44', 1, 7, 1, 1, 2),
(757, 'JBR2082', 'TLE-FBA - DALEM KAUM', '', '', '0000-00-00', '2018-08-03 10:24:44', 1, 7, 1, 1, 2),
(758, 'JBR2083', 'TLE-FBR - KOMPLEK KEJAGSAAN - WARNA CINTA', '', '', '0000-00-00', '2018-08-03 10:24:44', 1, 7, 1, 1, 2),
(759, 'JBR2085', 'TGA - FCW - KEMBAR TENGAH', '', '', '0000-00-00', '2018-08-03 10:24:44', 1, 7, 1, 1, 2),
(760, 'JBR2086', 'TGA - FCV - KEMBAR SARI INDAH', '', '', '0000-00-00', '2018-08-03 10:24:44', 1, 7, 1, 1, 2),
(761, 'JBR2087', 'TGA - FCS - SRIAYU - GG DUNGUS EMAK - GG SRIWIJAYA VI, IX', '', '', '0000-00-00', '2018-08-03 10:24:44', 1, 7, 1, 1, 2),
(762, 'JBR2089', 'TGA - FCK - CIGERELENG - ANCOL', '', '', '0000-00-00', '2018-08-03 10:24:44', 1, 7, 1, 1, 2),
(763, 'JBR2090', 'TGA - FCH - CIATEUL', '', '', '0000-00-00', '2018-08-03 10:24:44', 1, 7, 1, 1, 2),
(764, 'JBR2092', 'TGA - FBQ - PERUM MEKAR WANGI - JL MEKAR MERLAN', '', '', '0000-00-00', '2018-08-03 10:24:44', 1, 7, 1, 1, 2),
(765, 'JBR2095', 'ODC-TLE-FCD - PUNGKUR', '', '', '0000-00-00', '2018-08-03 10:24:44', 1, 7, 1, 1, 2),
(766, 'JBR2096', 'ODC-TLE-FCC - KARASAK', '', '', '0000-00-00', '2018-08-03 10:24:44', 1, 7, 1, 1, 2),
(767, 'JBR2097', 'ODC-TLE-FBW - NYENGSERET', '', '', '0000-00-00', '2018-08-03 10:24:44', 1, 7, 1, 1, 2),
(768, 'JBR2098', 'ODC-TLE-FBU - NYENGSERET', '', '', '0000-00-00', '2018-08-03 10:24:44', 1, 7, 1, 1, 2),
(769, 'JBR2099', 'ODC-TLE-FBP - WATES', '', '', '0000-00-00', '2018-08-03 10:24:44', 1, 7, 1, 1, 2),
(770, 'JBR2100', 'FCK - DERWATI/ DERWATI MAS', '', '', '0000-00-00', '2018-08-03 10:24:44', 1, 3, 1, 1, 2),
(771, 'JBR2101', 'FCA - RANCABOLANG', '', '', '0000-00-00', '2018-08-03 10:24:45', 1, 3, 1, 1, 2),
(772, 'JBR2102', 'FBR - DE MARAKESH/ CIPTAKARYA', '', '', '0000-00-00', '2018-08-03 10:24:45', 1, 3, 1, 1, 2),
(773, 'JBR2103', 'Batu Nunggal/MENGGER', '', '', '0000-00-00', '2018-08-03 10:24:45', 1, 3, 1, 1, 2),
(774, 'JBR2104', 'FEEDER ARAH GEDE BAGE', '', '', '0000-00-00', '2018-08-03 10:24:45', 1, 3, 1, 1, 2),
(775, 'JBR2105', 'JL.SOEKARNO HATTA ODC-CJA-FDH', '', '', '0000-00-00', '2018-08-03 10:24:45', 1, 3, 1, 1, 2),
(776, 'JBR2106', 'JL.SOEKARNO HATTA ODC-CJA-FBF', '', '', '0000-00-00', '2018-08-03 10:24:45', 1, 3, 1, 1, 2),
(777, 'JBR2107', 'CIPAGALO TRS BUAH BATU', '', '', '0000-00-00', '2018-08-03 10:24:45', 1, 3, 1, 1, 2),
(778, 'JBR2108', 'FEEDER SUKABIRUS +SUKAPURA', '', '', '0000-00-00', '2018-08-03 10:24:45', 1, 3, 1, 1, 2),
(779, 'JBR2109', 'TAMBAHAN KAWASAN INDUSTRI/ARAH SMPN 1 BOJONG SOANG', '', '', '0000-00-00', '2018-08-03 10:24:45', 1, 3, 1, 1, 2),
(780, 'JBR2110', 'GEDUNG 3 RAKSA', '', '', '0000-00-00', '2018-08-03 10:24:45', 1, 3, 1, 1, 2),
(781, 'JBR2111', 'FCT - KLININGAN - SALONTONGAN', '', '', '0000-00-00', '2018-08-03 10:24:45', 1, 5, 1, 1, 2),
(782, 'JBR2112', 'FCS - SITU LEMBANG & Komp Mandiri', '', '', '0000-00-00', '2018-08-03 10:24:45', 1, 5, 1, 1, 2),
(783, 'JBR2113', 'FCQ - RAJAMANTRI', '', '', '0000-00-00', '2018-08-03 10:24:45', 1, 5, 1, 1, 2),
(784, 'JBR2114', 'FCP - KIARA CONDONG', '', '', '0000-00-00', '2018-08-03 10:24:45', 1, 5, 1, 1, 2),
(785, 'JBR2115', 'FCK - KAWALUYAAN', '', '', '0000-00-00', '2018-08-03 10:24:45', 1, 5, 1, 1, 2),
(786, 'JBR2116', 'FCJ - PALEM RAYA', '', '', '0000-00-00', '2018-08-03 10:24:45', 1, 5, 1, 1, 2),
(787, 'JBR2117', 'FCH - SANGGAR HURIP', '', '', '0000-00-00', '2018-08-03 10:24:45', 1, 5, 1, 1, 2),
(788, 'JBR2118', 'Gunungsari', '', '', '0000-00-00', '2018-08-03 10:24:45', 6, 30, 1, 1, 2),
(789, 'JBR2119', 'Kopo Jaya', '', '', '0000-00-00', '2018-08-03 10:24:46', 1, 4, 1, 1, 2),
(790, 'JBR2120', 'Jl. Rancamekar', '', '', '0000-00-00', '2018-08-03 10:24:46', 1, 3, 1, 1, 2),
(791, 'JBR2121', 'Sapan Ranca Catang', '', '', '0000-00-00', '2018-08-03 10:24:46', 1, 3, 1, 1, 2),
(792, 'JBR2122', 'Kec Tanjungkerta', '', '', '0000-00-00', '2018-08-03 10:24:46', 1, 8, 1, 1, 2),
(793, 'JBR2123', 'Kantor Desa Ciporeat', '', '', '0000-00-00', '2018-08-03 10:24:46', 1, 9, 1, 1, 2),
(794, 'JBR2124', 'Mall Ubertos', '', '', '0000-00-00', '2018-08-03 10:24:46', 1, 9, 1, 1, 2),
(795, 'JBR2125', 'Zipur', '', '', '0000-00-00', '2018-08-03 10:24:46', 1, 9, 1, 1, 2),
(796, 'JBR2126', 'TC-JL.TAMAN KOPO INDAH 2', '', '', '0000-00-00', '2018-08-03 10:24:46', 1, 4, 1, 1, 2),
(797, 'JBR2127', 'TC-CIBADUYUT RAYA NO. 6  KEBON LEGA', '', '', '0000-00-00', '2018-08-03 10:24:46', 1, 4, 1, 1, 2),
(798, 'JBR2128', 'TC-TAMAN KOPO INDAH II', '', '', '0000-00-00', '2018-08-03 10:24:46', 1, 4, 1, 1, 2),
(799, 'JBR2129', 'TC-KOMP TAMAN CIBADUYUT INDAH', '', '', '0000-00-00', '2018-08-03 10:24:46', 1, 4, 1, 1, 2),
(800, 'JBR2130', 'TC-GG.H MANSYUR', '', '', '0000-00-00', '2018-08-03 10:24:46', 1, 4, 1, 1, 2),
(801, 'JBR2131', 'TC-KOPO PERMAI BLOK F', '', '', '0000-00-00', '2018-08-03 10:24:46', 1, 4, 1, 1, 2),
(802, 'JBR2132', 'TC-JL.BURUJUL ODC-BDK-FAX', '', '', '0000-00-00', '2018-08-03 10:24:46', 1, 4, 1, 1, 2),
(803, 'JBR2133', 'TC-JL.KOPO PERMAI 2 ODC-BDK-FCK', '', '', '0000-00-00', '2018-08-03 10:24:46', 1, 4, 1, 1, 2),
(804, 'JBR2134', 'TC-JL. TAMAN KOPO INDAH BLOK HF ODC-BDK-FAX', '', '', '0000-00-00', '2018-08-03 10:24:46', 1, 4, 1, 1, 2),
(805, 'JBR2135', 'TC-KP.BABAKAN & CICUKANG', '', '', '0000-00-00', '2018-08-03 10:24:46', 1, 4, 1, 1, 2),
(806, 'JBR2136', 'TC-JL.RAYA CIBADUYUT ODC-BDK-FCT', '', '', '0000-00-00', '2018-08-03 10:24:46', 1, 4, 1, 1, 2),
(807, 'JBR2137', 'TC-JL.MA EJA ODC-BDK-FCT', '', '', '0000-00-00', '2018-08-03 10:24:46', 1, 4, 1, 1, 2),
(808, 'JBR2138', 'TC-KOMP.KOPO PERMAI', '', '', '0000-00-00', '2018-08-03 10:24:47', 1, 4, 1, 1, 2),
(809, 'JBR2139', 'TC-KOMP.KOPO PERMAI I', '', '', '0000-00-00', '2018-08-03 10:24:47', 1, 4, 1, 1, 2),
(810, 'JBR2140', 'TC-KOPO MAS REGENCY NO. B-9', '', '', '0000-00-00', '2018-08-03 10:24:47', 1, 4, 1, 1, 2),
(811, 'JBR2141', 'Perum Griya Parahyangan', '', '', '0000-00-00', '2018-08-03 10:24:47', 6, 30, 1, 1, 2),
(812, 'JBR2142', 'Perum Elang', '', '', '0000-00-00', '2018-08-03 10:24:47', 6, 30, 1, 1, 2),
(813, 'JBR2143', 'Mini OLT Outdor All', '', '', '0000-00-00', '2018-08-03 10:24:47', 6, 30, 1, 1, 2),
(814, 'JBR2144', 'Dok Cibogo', '', '', '0000-00-00', '2018-08-03 10:24:47', 1, 3, 1, 1, 2),
(815, 'JBR2145', 'Hegarmanah Residence Ged B', '', '', '0000-00-00', '2018-08-03 10:24:47', 1, 11, 1, 1, 2),
(816, 'JBR2146', 'Pasirjati Residence Blok K', '', '', '0000-00-00', '2018-08-03 10:24:47', 1, 9, 1, 1, 2),
(817, 'JBR2147', 'Jl.Ibun', '', '', '0000-00-00', '2018-08-03 10:24:47', 2, 77, 1, 1, 2),
(818, 'JBR2148', 'Jl.Sapan', '', '', '0000-00-00', '2018-08-03 10:24:47', 2, 77, 1, 1, 2),
(819, 'JBR2149', 'Komp Bumi Karya Ciheulang', '', '', '0000-00-00', '2018-08-03 10:24:47', 2, 77, 1, 1, 2),
(820, 'JBR2157', 'Jl. Pangampaan', '', '', '0000-00-00', '2018-08-03 10:24:47', 1, 7, 1, 1, 2),
(821, 'JBR2158', 'Jl Mochiwan', '', '', '0000-00-00', '2018-08-03 10:24:47', 1, 7, 1, 1, 2),
(822, 'JBR2159', 'Jl Ancol Timur & Pasirluyu Utara', '', '', '0000-00-00', '2018-08-03 10:24:47', 1, 7, 1, 1, 2),
(823, 'JBR2161', 'Jl Otista', '', '', '0000-00-00', '2018-08-03 10:24:47', 1, 7, 1, 1, 2),
(824, 'JBR2163', 'Jl Pajagalan - GG Adimaja', '', '', '0000-00-00', '2018-08-03 10:24:48', 1, 7, 1, 1, 2),
(825, 'JBR2164', 'Jl Astana Anyar', '', '', '0000-00-00', '2018-08-03 10:24:48', 1, 7, 1, 1, 2),
(826, 'JBR2166', 'Mekar Utama', '', '', '0000-00-00', '2018-08-03 10:24:48', 1, 7, 1, 1, 2),
(827, 'JBR2168', 'Medangasem', '', '', '0000-00-00', '2018-08-03 10:24:48', 4, 78, 1, 1, 2),
(828, 'JBR2169', 'Adityawarman', '', '', '0000-00-00', '2018-08-03 10:24:48', 4, 79, 1, 1, 2),
(829, 'JBR2170', 'De parahiyangan', '', '', '0000-00-00', '2018-08-03 10:24:48', 4, 23, 1, 1, 2),
(830, 'JBR2171', 'Kalibuaya', '', '', '0000-00-00', '2018-08-03 10:24:48', 4, 57, 1, 1, 2),
(831, 'JBR2172', 'Pasir Talaga', '', '', '0000-00-00', '2018-08-03 10:24:48', 4, 57, 1, 1, 2),
(832, 'JBR2173', 'Cluster Padi Village', '', '', '0000-00-00', '2018-08-03 10:24:48', 4, 79, 1, 1, 2),
(833, 'JBR2174', 'Galanggang', '', '', '0000-00-00', '2018-08-03 10:24:48', 2, 36, 1, 1, 2),
(834, 'JBR2175', 'Parahyangan Asri Cihampelas', '', '', '0000-00-00', '2018-08-03 10:24:48', 2, 35, 1, 1, 2),
(835, 'JBR2176', 'Apartement Case De Aminda', '', '', '0000-00-00', '2018-08-03 10:24:48', 2, 13, 1, 1, 2),
(836, 'JBR2177', 'Feeder Jl. Bojong Malaka', '', '', '0000-00-00', '2018-08-03 10:24:48', 2, 16, 1, 1, 2),
(837, 'JBR2178', 'Jl. Rancajigang', '', '', '0000-00-00', '2018-08-03 10:24:48', 2, 75, 1, 1, 2),
(838, 'JBR2179', 'Komplek Abdi Negara II', '', '', '0000-00-00', '2018-08-03 10:24:48', 2, 13, 1, 1, 2),
(839, 'JBR2180', 'Cihanjuang Rahayu', '', '', '0000-00-00', '2018-08-03 10:24:48', 2, 3, 1, 1, 2),
(840, 'JBR2181', 'JL.TERUSAN BUAH BATU KIRI T2', '', '', '0000-00-00', '2018-08-03 10:24:49', 1, 3, 1, 1, 2),
(841, 'JBR2183', 'FEEDER CLI FAJ-FAF', '', '', '0000-00-00', '2018-08-03 10:24:49', 3, 44, 1, 1, 2),
(842, 'JBR2184', 'GRIYA DAMAI LESTARI MEGU', '', '', '0000-00-00', '2018-08-03 10:24:49', 3, 19, 1, 1, 2),
(843, 'JBR2185', 'GRIYA JADI MULYA', '', '', '0000-00-00', '2018-08-03 10:24:49', 3, 18, 1, 1, 2),
(844, 'JBR2186', 'KOMP.BALCONY RESIDENCE', '', '', '0000-00-00', '2018-08-03 10:24:49', 3, 69, 1, 1, 2),
(845, 'JBR2187', 'Komp.Griya Pesona Mandiri Lengkong', '', '', '0000-00-00', '2018-08-03 10:24:49', 3, 69, 1, 1, 2),
(846, 'JBR2188', 'KOMP.GRIYA SAMPURNA', '', '', '0000-00-00', '2018-08-03 10:24:49', 3, 44, 1, 1, 2),
(847, 'JBR2189', 'KOMP.PERUM GRIYA INDAH LURAGUNG', '', '', '0000-00-00', '2018-08-03 10:24:49', 3, 69, 1, 1, 2),
(848, 'JBR2190', 'PERUMAHAN ARTHA MULYA', '', '', '0000-00-00', '2018-08-03 10:24:49', 3, 18, 1, 1, 2),
(849, 'JBR2191', 'PERUMAHAN GRIYA SUMBER INDAH', '', '', '0000-00-00', '2018-08-03 10:24:49', 3, 19, 1, 1, 2),
(850, 'JBR2192', 'PERUMAHAN KORPRI', '', '', '0000-00-00', '2018-08-03 10:24:49', 3, 19, 1, 1, 2),
(851, 'JBR2193', 'TAMAN SAHARA CIPTA REGENCY', '', '', '0000-00-00', '2018-08-03 10:24:49', 3, 19, 1, 1, 2),
(852, 'JBR2194', 'Feeder TLE', '', '', '0000-00-00', '2018-08-03 10:24:49', 1, 7, 1, 1, 2),
(853, 'JBR2195', 'Soekarno Hatta - Kebon Lega', '', '', '0000-00-00', '2018-08-03 10:24:49', 1, 4, 1, 1, 2),
(854, 'JBR2196', 'Jl. Cipacing(MRW)', '', '', '0000-00-00', '2018-08-03 10:24:49', 2, 13, 1, 1, 2),
(855, 'JBR2197', 'Jl. Linggar', '', '', '0000-00-00', '2018-08-03 10:24:49', 2, 13, 1, 1, 2),
(856, 'JBR2198', 'FAB KE DESA BUNTU', '', '', '0000-00-00', '2018-08-03 10:24:50', 3, 43, 1, 1, 2),
(857, 'JBR2199', 'FAP KE JTW FAZ', '', '', '0000-00-00', '2018-08-03 10:24:50', 3, 43, 1, 1, 2),
(858, 'JBR2200', 'FRH KE DESA RANJI WETAN', '', '', '0000-00-00', '2018-08-03 10:24:50', 3, 43, 1, 1, 2),
(859, 'JBR2201', 'RB KE DESA KERTASARI', '', '', '0000-00-00', '2018-08-03 10:24:50', 3, 43, 1, 1, 2),
(860, 'JBR2202', 'DESA PANONGAN JTW', '', '', '0000-00-00', '2018-08-03 10:24:50', 3, 43, 1, 1, 2),
(861, 'JBR2203', 'Feeder ODC-JTW-FAE KE ODC-JTW-FAA', '', '', '0000-00-00', '2018-08-03 10:24:50', 3, 43, 1, 1, 2),
(862, 'JBR2204', 'ODC-JTW-FBD', '', '', '0000-00-00', '2018-08-03 10:24:50', 3, 43, 1, 1, 2),
(863, 'JBR2205', 'FRJ KE ODC-JTW-FAA', '', '', '0000-00-00', '2018-08-03 10:24:50', 3, 43, 1, 1, 2),
(864, 'JBR2206', 'FRD', '', '', '0000-00-00', '2018-08-03 10:24:50', 3, 43, 1, 1, 2),
(865, 'JBR2207', 'FRE', '', '', '0000-00-00', '2018-08-03 10:24:50', 3, 43, 1, 1, 2),
(866, 'JBR2208', 'FRG', '', '', '0000-00-00', '2018-08-03 10:24:50', 3, 43, 1, 1, 2),
(867, 'JBR2209', 'Feeder FRK', '', '', '0000-00-00', '2018-08-03 10:24:50', 3, 43, 1, 1, 2),
(868, 'JBR2210', 'FRL', '', '', '0000-00-00', '2018-08-03 10:24:51', 3, 43, 1, 1, 2),
(869, 'JBR2211', 'FRM', '', '', '0000-00-00', '2018-08-03 10:24:51', 3, 43, 1, 1, 2),
(870, 'JBR2212', 'FRP', '', '', '0000-00-00', '2018-08-03 10:24:51', 3, 43, 1, 1, 2),
(871, 'JBR2213', 'FRQ', '', '', '0000-00-00', '2018-08-03 10:24:51', 3, 43, 1, 1, 2),
(872, 'JBR2214', 'RC', '', '', '0000-00-00', '2018-08-03 10:24:51', 3, 43, 1, 1, 2),
(873, 'JBR2215', 'ODC-JTW-FAD 2', '', '', '0000-00-00', '2018-08-03 10:24:51', 3, 43, 1, 1, 2),
(874, 'JBR2216', 'ODC-JTW-FAG 2', '', '', '0000-00-00', '2018-08-03 10:24:51', 3, 43, 1, 1, 2),
(875, 'JBR2217', 'ODC-JTW-FAU 2', '', '', '0000-00-00', '2018-08-03 10:24:51', 3, 43, 1, 1, 2),
(876, 'JBR2218', 'TC JL Situ Lembang FCS', '', '', '0000-00-00', '2018-08-03 10:24:51', 1, 5, 1, 1, 2),
(877, 'JBR2219', 'TC JL Kiara Condong FCN', '', '', '0000-00-00', '2018-08-03 10:24:51', 1, 5, 1, 1, 2),
(878, 'JBR2220', 'TC JL Cilentah FBX', '', '', '0000-00-00', '2018-08-03 10:24:51', 1, 5, 1, 1, 2),
(879, 'JBR2221', 'TC JL Baranangsiang FBV', '', '', '0000-00-00', '2018-08-03 10:24:51', 1, 5, 1, 1, 2),
(880, 'JBR2222', 'TC Jl Putri FBU', '', '', '0000-00-00', '2018-08-03 10:24:51', 1, 5, 1, 1, 2),
(881, 'JBR2223', 'TC JL Cipaera FBQ', '', '', '0000-00-00', '2018-08-03 10:24:51', 1, 5, 1, 1, 2),
(882, 'JBR2224', 'SPBE Palasari Jl Cagak', '', '', '0000-00-00', '2018-08-03 10:24:51', 4, 55, 1, 1, 2),
(883, 'JBR2225', 'JL.PARIGI CIPARAY', '', '', '0000-00-00', '2018-08-03 10:24:52', 2, 75, 1, 1, 2),
(884, 'JBR2226', 'JL.RAYA PANGALENGAN', '', '', '0000-00-00', '2018-08-03 10:24:52', 2, 16, 1, 1, 2),
(885, 'JBR2227', 'PURIMAS CIWIDEY', '', '', '0000-00-00', '2018-08-03 10:24:52', 2, 74, 1, 1, 2),
(886, 'JBR2228', 'DESA SAGARACIPTA', '', '', '0000-00-00', '2018-08-03 10:24:52', 2, 75, 1, 1, 2),
(887, 'JBR2229', 'JL.GUNUNG LEUTIK', '', '', '0000-00-00', '2018-08-03 10:24:52', 2, 75, 1, 1, 2),
(888, 'JBR2230', 'GG.PLN & BINONG UTARA', '', '', '0000-00-00', '2018-08-03 10:24:52', 1, 5, 1, 1, 2),
(889, 'JBR2231', 'JL.LASWI', '', '', '0000-00-00', '2018-08-03 10:24:52', 1, 5, 1, 1, 2),
(890, 'JBR2232', 'JL.SUKABAKTI', '', '', '0000-00-00', '2018-08-03 10:24:52', 1, 5, 1, 1, 2),
(891, 'JBR2233', 'JL.KIRCON STATION-STATION LAMA', '', '', '0000-00-00', '2018-08-03 10:24:52', 1, 5, 1, 1, 2),
(892, 'JBR2234', 'JL.BABAKAN GARUT & CIBANGKONG', '', '', '0000-00-00', '2018-08-03 10:24:52', 1, 5, 1, 1, 2),
(893, 'JBR2235', 'JL.GATOT SUBROTO', '', '', '0000-00-00', '2018-08-03 10:24:52', 1, 5, 1, 1, 2),
(894, 'JBR2236', 'SESKO TNI AD', '', '', '0000-00-00', '2018-08-03 10:24:52', 1, 5, 1, 1, 2),
(895, 'JBR2237', 'JL.KIARACONDONG BAWAH FLYOVER', '', '', '0000-00-00', '2018-08-03 10:24:52', 1, 5, 1, 1, 2),
(896, 'JBR2238', 'JL.TEGALLUAR,SAPAN', '', '', '0000-00-00', '2018-08-03 10:24:52', 1, 3, 1, 1, 2),
(897, 'JBR2239', 'KOMP HARMONY PARK', '', '', '0000-00-00', '2018-08-03 10:24:52', 1, 3, 1, 1, 2),
(898, 'JBR2240', 'KOMP PESONA CIWASTRA VILLAGE', '', '', '0000-00-00', '2018-08-03 10:24:52', 1, 3, 1, 1, 2),
(899, 'JBR2241', 'KOMP D\'PILAR', '', '', '0000-00-00', '2018-08-03 10:24:53', 1, 3, 1, 1, 2),
(900, 'JBR2242', 'FEEDER JL.RANCAORAY', '', '', '0000-00-00', '2018-08-03 10:24:53', 1, 3, 1, 1, 2),
(901, 'JBR2243', 'KOMP GBI 3', '', '', '0000-00-00', '2018-08-03 10:24:53', 1, 3, 1, 1, 2),
(902, 'JBR2244', 'JL Empangsari Area', '', '', '0000-00-00', '2018-08-03 10:24:53', 6, 30, 1, 1, 2),
(903, 'JBR2245', 'Perum Braga', '', '', '0000-00-00', '2018-08-03 10:24:53', 6, 30, 1, 1, 2),
(904, 'JBR2246', 'Perum Mutiara', '', '', '0000-00-00', '2018-08-03 10:24:53', 6, 30, 1, 1, 2),
(905, 'JBR2247', 'Route Awipari', '', '', '0000-00-00', '2018-08-03 10:24:53', 6, 30, 1, 1, 2),
(906, 'JBR2248', 'Desa Wangun Reja', '', '', '0000-00-00', '2018-08-03 10:24:53', 5, 26, 1, 1, 2),
(907, 'JBR2249', 'Feeder arah Summarecon Jl. Gede Bage', '', '', '0000-00-00', '2018-08-03 10:24:53', 1, 3, 1, 1, 2),
(908, 'JBR2250', 'Jl Dederuk-Titimplik', '', '', '0000-00-00', '2018-08-03 10:24:53', 1, 2, 1, 1, 2),
(909, 'JBR2251', 'Cluster Garcia', '', '', '0000-00-00', '2018-08-03 10:24:53', 1, 9, 1, 1, 2),
(910, 'JBR2252', 'Feeder Arah Tegalega', '', '', '0000-00-00', '2018-08-03 10:24:53', 1, 7, 1, 1, 2),
(911, 'JBR2253', 'Pasar Baru', '', '', '0000-00-00', '2018-08-03 10:24:53', 1, 33, 1, 1, 2),
(912, 'JBR117', 'KOTA BANDUNG, CIUMBULEUIT, KIPUTIH, RANCABENTANG & JL CISATU', '', '', '0000-00-00', '2018-08-03 10:27:55', 1, 11, 1, 5, 2),
(913, 'JBR107', 'KOTA BANDUNG, HASAN SADIKIN', '', '', '0000-00-00', '2018-08-03 10:27:56', 1, 11, 1, 5, 2),
(914, 'JBR115', 'KOTA BANDUNG,CIUMBULEUIT,BUKIT RAYA ATAS', '', '', '0000-00-00', '2018-08-03 10:27:56', 1, 11, 1, 5, 2),
(915, 'JBR228', 'Route Cimuncang', '', '', '0000-00-00', '2018-08-03 10:27:56', 6, 30, 1, 5, 2),
(916, 'JBR23', 'ANI FAPJl. Pratista barat I, II', '', '', '0000-00-00', '2018-08-03 10:27:56', 1, 1, 1, 5, 2),
(917, 'JBR26', 'Bandung Citylight Jl padasuka atas', '', '', '0000-00-00', '2018-08-03 10:27:56', 1, 1, 1, 5, 2),
(918, 'JBR74', 'FDCMARGA WANGI', '', '', '0000-00-00', '2018-08-03 10:27:56', 1, 3, 1, 5, 2),
(919, 'JBR53', 'FDKRSAI', '', '', '0000-00-00', '2018-08-03 10:27:56', 1, 3, 1, 5, 2),
(920, 'JBR177', 'Green Caraka JL parakan saat', '', '', '0000-00-00', '2018-08-03 10:27:56', 1, 9, 1, 5, 2),
(921, 'JBR70', 'GRIYA SALUYU INDAH', '', '', '0000-00-00', '2018-08-03 10:27:56', 1, 3, 1, 5, 2),
(922, 'JBR88', 'Jl Dago Pakar permai IV', '', '', '0000-00-00', '2018-08-03 10:27:56', 1, 2, 1, 5, 2),
(923, 'JBR85', 'Jl Dago Pakar Permai VII', '', '', '0000-00-00', '2018-08-03 10:27:56', 1, 2, 1, 5, 2),
(924, 'JBR152', 'Jl Pangeran Geusan Ulun ( Sebrang Timur )', '', '', '0000-00-00', '2018-08-03 10:27:56', 1, 8, 1, 5, 2),
(925, 'JBR153', 'Jl Pangeran Kornel ( Depan Kecamatan Sumedang Selatan )', '', '', '0000-00-00', '2018-08-03 10:27:56', 1, 8, 1, 5, 2),
(926, 'JBR114', 'KOTA BANDUNG, CIUMBULEUIT, BUKIT RAYA ATAS', '', '', '0000-00-00', '2018-08-03 10:27:56', 1, 11, 1, 5, 2),
(927, 'JBR64', 'MARS TENGAH', '', '', '0000-00-00', '2018-08-03 10:27:56', 1, 3, 1, 5, 2),
(928, 'JBR161', 'Mekar Harum', '', '', '0000-00-00', '2018-08-03 10:27:57', 1, 7, 1, 5, 2),
(929, 'JBR163', 'Mekar Puspita', '', '', '0000-00-00', '2018-08-03 10:27:57', 1, 7, 1, 5, 2),
(930, 'JBR176', 'Puri Cisaranten Jl Cisaranten', '', '', '0000-00-00', '2018-08-03 10:27:57', 1, 9, 1, 5, 2),
(931, 'JBR99', 'Setiabudi Regency', '', '', '0000-00-00', '2018-08-03 10:27:57', 1, 6, 1, 5, 2),
(932, 'JBR298', 'ADIPURA CLUSTER TULIP', '', '', '0000-00-00', '2018-08-03 10:27:57', 1, 3, 1, 5, 2),
(933, 'JBR342', 'APARTEMEN BUAH BATU', '', '', '0000-00-00', '2018-08-03 10:27:57', 1, 3, 1, 5, 2),
(934, 'JBR300', 'ARIA UTAMA/DEPO BANGUNAN', '', '', '0000-00-00', '2018-08-03 10:27:57', 1, 3, 1, 5, 2),
(935, 'JBR353', 'BABAKAN CARINGIN SUKAMULYA', '', '', '0000-00-00', '2018-08-03 10:27:57', 1, 6, 1, 5, 2),
(936, 'JBR303', 'BUANA CIWASTRA', '', '', '0000-00-00', '2018-08-03 10:27:57', 1, 3, 1, 5, 2),
(937, 'JBR391', 'Bukit Indah Residence Jl Cileunyi', '', '', '0000-00-00', '2018-08-03 10:27:57', 1, 9, 1, 5, 2),
(938, 'JBR339', 'Bumi Adipura Cluster Cempaka JL Gede Bage', '', '', '0000-00-00', '2018-08-03 10:27:57', 1, 3, 1, 5, 2),
(939, 'JBR305', 'BUMI KIRANA', '', '', '0000-00-00', '2018-08-03 10:27:57', 1, 3, 1, 5, 2),
(940, 'JBR346', 'DGO FAK/FBE/FAHJl. Hasanudin, Kyai Gede utama, Pager Gunung, Kyai Luhur', '', '', '0000-00-00', '2018-08-03 10:27:57', 1, 2, 1, 5, 2),
(941, 'JBR347', 'DGO FAP/FBYJl. Sadang tengah, gg intan dsk', '', '', '0000-00-00', '2018-08-03 10:27:57', 1, 2, 1, 5, 2),
(942, 'JBR352', 'DGO FBDJL. Sekeloa', '', '', '0000-00-00', '2018-08-03 10:27:57', 1, 2, 1, 5, 2),
(943, 'JBR252', 'D\'Pillar', '', '', '0000-00-00', '2018-08-03 10:27:57', 1, 1, 1, 5, 2),
(944, 'JBR310', 'FBJSURYA ASRI', '', '', '0000-00-00', '2018-08-03 10:27:57', 1, 3, 1, 5, 2),
(945, 'JBR315', 'FCFJARDENA TOWN HOUSE', '', '', '0000-00-00', '2018-08-03 10:27:57', 1, 3, 1, 5, 2),
(946, 'JBR317', 'FCFPESONA CIWASTRA Village', '', '', '0000-00-00', '2018-08-03 10:27:57', 1, 3, 1, 5, 2),
(947, 'JBR344', 'FDCJAKA SEMBUNG', '', '', '0000-00-00', '2018-08-03 10:27:58', 1, 3, 1, 5, 2),
(948, 'JBR325', 'FDGCIPAGALO GIRANG', '', '', '0000-00-00', '2018-08-03 10:27:58', 1, 3, 1, 5, 2),
(949, 'JBR326', 'FDGTERUSAN IBRAHIM HAJI', '', '', '0000-00-00', '2018-08-03 10:27:58', 1, 3, 1, 5, 2),
(950, 'JBR327', 'FDJBATUKARANG', '', '', '0000-00-00', '2018-08-03 10:27:58', 1, 3, 1, 5, 2),
(951, 'JBR279', 'FDKRUKO METREO', '', '', '0000-00-00', '2018-08-03 10:27:58', 1, 3, 1, 5, 2),
(952, 'JBR297', 'Firdausy Ahla', '', '', '0000-00-00', '2018-08-03 10:27:58', 1, 3, 1, 5, 2),
(953, 'JBR336', 'GRIYA BANDUNG INDAH I', '', '', '0000-00-00', '2018-08-03 10:27:58', 1, 3, 1, 5, 2),
(954, 'JBR253', 'Harmony Park', '', '', '0000-00-00', '2018-08-03 10:27:58', 1, 1, 1, 5, 2),
(955, 'JBR356', 'HIGLAND SARIWANGI', '', '', '0000-00-00', '2018-08-03 10:27:58', 1, 6, 1, 5, 2),
(956, 'JBR357', 'HIGLAND SARIWANGIFBT', '', '', '0000-00-00', '2018-08-03 10:27:58', 1, 6, 1, 5, 2),
(957, 'JBR393', 'JL NASUTION ALUN ALUN', '', '', '0000-00-00', '2018-08-03 10:27:58', 1, 9, 1, 5, 2),
(958, 'JBR368', 'Jl. Bojong Koneng Atas', '', '', '0000-00-00', '2018-08-03 10:27:58', 1, 33, 1, 5, 2),
(959, 'JBR283', 'Kawistra', '', '', '0000-00-00', '2018-08-03 10:27:58', 1, 3, 1, 5, 2),
(960, 'JBR358', 'KMP SUKAMULYA KENDALGEDE', '', '', '0000-00-00', '2018-08-03 10:27:58', 1, 6, 1, 5, 2),
(961, 'JBR375', 'LBG FEK/FEJKomplek Kalijati Indah', '', '', '0000-00-00', '2018-08-03 10:27:58', 1, 33, 1, 5, 2),
(962, 'JBR379', 'LBG FGJGriya Wiwaha Pasir Honje', '', '', '0000-00-00', '2018-08-03 10:27:58', 1, 33, 1, 5, 2),
(963, 'JBR381', 'LBG FGMJl. Kacapiring, cianjur, garut, sukabumi, tasikmalaya, cirebon, cianjur', '', '', '0000-00-00', '2018-08-03 10:27:58', 1, 33, 1, 5, 2),
(964, 'JBR360', 'MAHARANI ;MEKAR ARUM REGENSI; KOPONTREN DT;ALAM SEMESTA', '', '', '0000-00-00', '2018-08-03 10:27:58', 1, 6, 1, 5, 2),
(965, 'JBR361', 'MAHARANI ;MEKAR ARUM REGENSI; KOPONTREN DT;ALAM SEMESTAFBR', '', '', '0000-00-00', '2018-08-03 10:27:58', 1, 6, 1, 5, 2),
(966, 'JBR260', 'MALL MTC', '', '', '0000-00-00', '2018-08-03 10:27:59', 1, 3, 1, 5, 2),
(967, 'JBR261', 'MARGA CINTA', '', '', '0000-00-00', '2018-08-03 10:27:59', 1, 3, 1, 5, 2),
(968, 'JBR362', 'MULYASARI ; SUKAMULYA REGENCIFAH', '', '', '0000-00-00', '2018-08-03 10:27:59', 1, 6, 1, 5, 2),
(969, 'JBR266', 'MUSTIKA TOWN HOUSE RUKO', '', '', '0000-00-00', '2018-08-03 10:27:59', 1, 3, 1, 5, 2),
(970, 'JBR256', 'Padasuka Park', '', '', '0000-00-00', '2018-08-03 10:27:59', 1, 1, 1, 5, 2),
(971, 'JBR270', 'PT UTAMA ABADI', '', '', '0000-00-00', '2018-08-03 10:27:59', 1, 3, 1, 5, 2);
INSERT INTO `work_order` (`WODE_ID`, `WODE_ID_TA`, `WODE_NAMA_LOKASI`, `WODE_KOORDINAT`, `WODE_ALAMAT`, `WODE_TANGGAL`, `WODE_TIMESTAMP`, `WODE_WTEL_ID`, `WODE_SWIT_ID`, `WODE_PROG_ID`, `WODE_STAT_ID`, `WODE_SUPR_ID`) VALUES
(972, 'JBR363', 'REVIERA RESIDEN ; LEMBAH PERMAI ; CLUSTER D\'ARCADIA', '', '', '0000-00-00', '2018-08-03 10:27:59', 1, 6, 1, 5, 2),
(973, 'JBR364', 'REVIERA RESIDEN ; LEMBAH PERMAI ; CLUSTER D\'ARCADIAFBM', '', '', '0000-00-00', '2018-08-03 10:27:59', 1, 6, 1, 5, 2),
(974, 'JBR273', 'RSAI', '', '', '0000-00-00', '2018-08-03 10:27:59', 1, 3, 1, 5, 2),
(975, 'JBR330', 'SEKELIMUS', '', '', '0000-00-00', '2018-08-03 10:27:59', 1, 3, 1, 5, 2),
(976, 'JBR276', 'SURYAMAS', '', '', '0000-00-00', '2018-08-03 10:27:59', 1, 3, 1, 5, 2),
(977, 'JBR247', 'Taman Holis', '', '', '0000-00-00', '2018-08-03 10:27:59', 1, 4, 1, 5, 2),
(978, 'JBR248', 'Taman Kopo Indah I', '', '', '0000-00-00', '2018-08-03 10:27:59', 1, 4, 1, 5, 2),
(979, 'JBR249', 'Taman Kopo Indah II', '', '', '0000-00-00', '2018-08-03 10:27:59', 1, 4, 1, 5, 2),
(980, 'JBR250', 'Taman Kopo Indah III', '', '', '0000-00-00', '2018-08-03 10:27:59', 1, 4, 1, 5, 2),
(981, 'JBR251', 'Taman Kopo Indah V', '', '', '0000-00-00', '2018-08-03 10:27:59', 1, 4, 1, 5, 2),
(982, 'JBR395', 'UBR FFDJl. Cibanteng Jatihandap Atas', '', '', '0000-00-00', '2018-08-03 10:27:59', 1, 9, 1, 5, 2),
(983, 'JBR396', 'UBR FFDLucky Estate', '', '', '0000-00-00', '2018-08-03 10:27:59', 1, 9, 1, 5, 2),
(984, 'JBR1677', 'ANCOL', '', '', '0000-00-00', '2018-08-03 10:28:00', 1, 7, 1, 5, 2),
(985, 'JBR1655', 'CIATEUL', '', '', '0000-00-00', '2018-08-03 10:28:00', 1, 7, 1, 5, 2),
(986, 'JBR1656', 'CIGERELENG', '', '', '0000-00-00', '2018-08-03 10:28:00', 1, 7, 1, 5, 2),
(987, 'JBR1679', 'Cipamokolan Raya & Ali Yudha (Perumahan Taman Permata, Perumahan Asri Pratama, Perumahan Cipamokolan, Batu Karang Residence)', '', '', '0000-00-00', '2018-08-03 10:28:00', 1, 3, 1, 5, 2),
(988, 'JBR1682', 'De Green Villa Mutiara Residence Ciganitri', '', '', '0000-00-00', '2018-08-03 10:28:00', 1, 3, 1, 5, 2),
(989, 'JBR1648', 'DGO FAV Komplek Pramestha Tahap II', '', '', '0000-00-00', '2018-08-03 10:28:00', 1, 2, 1, 5, 2),
(990, 'JBR1662', 'FBD SUKAPURA BINING JATI', '', '', '0000-00-00', '2018-08-03 10:28:00', 1, 5, 1, 5, 2),
(991, 'JBR1673', 'FBG Polsek Dayeuh Kolot', '', '', '0000-00-00', '2018-08-03 10:28:00', 1, 7, 1, 5, 2),
(992, 'JBR1672', 'FBJ RS BHAYANGKARA (', '', '', '0000-00-00', '2018-08-03 10:28:00', 1, 7, 1, 5, 2),
(993, 'JBR1674', 'FBK Mengger', '', '', '0000-00-00', '2018-08-03 10:28:00', 1, 7, 1, 5, 2),
(994, 'JBR1671', 'FBL Moh Toha', '', '', '0000-00-00', '2018-08-03 10:28:00', 1, 7, 1, 5, 2),
(995, 'JBR1660', 'FBM Radio Palasari', '', '', '0000-00-00', '2018-08-03 10:28:00', 1, 7, 1, 5, 2),
(996, 'JBR1668', 'FBW Nyengseret', '', '', '0000-00-00', '2018-08-03 10:28:00', 1, 7, 1, 5, 2),
(997, 'JBR1665', 'FBY Jl Peta Prapatan Imanuel', '', '', '0000-00-00', '2018-08-03 10:28:00', 1, 7, 1, 5, 2),
(998, 'JBR1675', 'FBZ Jl. Muara Cibaduyut', '', '', '0000-00-00', '2018-08-03 10:28:00', 1, 7, 1, 5, 2),
(999, 'JBR1680', 'FCN Sekejati Area', '', '', '0000-00-00', '2018-08-03 10:28:00', 1, 5, 1, 5, 2),
(1000, 'JBR1663', 'FCP Binong Jati ', '', '', '0000-00-00', '2018-08-03 10:28:00', 1, 5, 1, 5, 2),
(1001, 'JBR1667', 'FCW Kembar barat', '', '', '0000-00-00', '2018-08-03 10:28:00', 1, 7, 1, 5, 2),
(1002, 'JBR1661', 'JL PSM Kebon Jayanti Pasar Kircon', '', '', '0000-00-00', '2018-08-03 10:28:01', 1, 5, 1, 5, 2),
(1003, 'JBR1650', 'Jl. Mars Raya (Cluster Panghegar Town House, Cluster Graha Mars, Jl. Mars Tengah IV)', '', '', '0000-00-00', '2018-08-03 10:28:01', 1, 3, 1, 5, 2),
(1004, 'JBR1649', 'Kopo Permai Blok CD ', '', '', '0000-00-00', '2018-08-03 10:28:01', 1, 4, 1, 5, 2),
(1005, 'JBR1659', 'KOPONTREN DT', '', '', '0000-00-00', '2018-08-03 10:28:01', 1, 6, 1, 5, 2),
(1006, 'JBR1681', 'Perumahan Billabong Soetta', '', '', '0000-00-00', '2018-08-03 10:28:01', 1, 3, 1, 5, 2),
(1007, 'JBR1683', 'Surya Asri Residence Ciganitri', '', '', '0000-00-00', '2018-08-03 10:28:01', 1, 3, 1, 5, 2),
(1008, 'JBR1654', 'TKI V Pinewood', '', '', '0000-00-00', '2018-08-03 10:28:01', 1, 4, 1, 5, 2),
(1009, 'JBR1645', 'TKI V Redwood', '', '', '0000-00-00', '2018-08-03 10:28:01', 1, 4, 1, 5, 2),
(1010, 'JBR1295', 'Bandung Trade Mall (BTM)FFS', '', '', '0000-00-00', '2018-08-03 10:28:01', 1, 1, 1, 5, 2),
(1011, 'JBR1305', 'Cibogo Tengah dan Atas', '', '', '0000-00-00', '2018-08-03 10:28:01', 1, 6, 1, 5, 2),
(1012, 'JBR1307', 'Cigugur Girang', '', '', '0000-00-00', '2018-08-03 10:28:01', 1, 6, 1, 5, 2),
(1013, 'JBR1308', 'Eco Pesantren', '', '', '0000-00-00', '2018-08-03 10:28:01', 1, 6, 1, 5, 2),
(1014, 'JBR1320', 'GARUNGGANG KULON', '', '', '0000-00-00', '2018-08-03 10:28:01', 1, 11, 1, 5, 2),
(1015, 'JBR1288', 'Graha Hijau', '', '', '0000-00-00', '2018-08-03 10:28:01', 1, 4, 1, 5, 2),
(1016, 'JBR1297', 'Griya Hamdan AsriFAW', '', '', '0000-00-00', '2018-08-03 10:28:01', 1, 1, 1, 5, 2),
(1017, 'JBR1310', 'GRIYA MAS', '', '', '0000-00-00', '2018-08-03 10:28:01', 1, 6, 1, 5, 2),
(1018, 'JBR1298', 'Harmoni AntapaniFEJ', '', '', '0000-00-00', '2018-08-03 10:28:01', 1, 1, 1, 5, 2),
(1019, 'JBR1321', 'HGM, KOTA BANDUNG, APSTEUR, SEMPURNA', '', '', '0000-00-00', '2018-08-03 10:28:02', 1, 11, 1, 5, 2),
(1020, 'JBR1290', 'Jl. Cibodas Raya', '', '', '0000-00-00', '2018-08-03 10:28:02', 1, 1, 1, 5, 2),
(1021, 'JBR1322', 'KOTA BANDUNG, CIUMBULEUIT, KIPUTIH, RANCABENTANG DAN JL CISATU', '', '', '0000-00-00', '2018-08-03 10:28:02', 1, 11, 1, 5, 2),
(1022, 'JBR1314', 'KOTA BANDUNG, HASAN SADIKIN AREA DALAM RSHS', '', '', '0000-00-00', '2018-08-03 10:28:02', 1, 11, 1, 5, 2),
(1023, 'JBR1306', 'Kumala Garden', '', '', '0000-00-00', '2018-08-03 10:28:02', 1, 6, 1, 5, 2),
(1024, 'JBR1293', 'Perluasan ArcamanikFFU', '', '', '0000-00-00', '2018-08-03 10:28:02', 1, 1, 1, 5, 2),
(1025, 'JBR1311', 'Pesona Cigugur', '', '', '0000-00-00', '2018-08-03 10:28:02', 1, 6, 1, 5, 2),
(1026, 'JBR1309', 'SARIJADI FLAT', '', '', '0000-00-00', '2018-08-03 10:28:02', 1, 6, 1, 5, 2),
(1027, 'JBR1312', 'Sariwangi  Village', '', '', '0000-00-00', '2018-08-03 10:28:02', 1, 6, 1, 5, 2),
(1028, 'JBR1317', 'secapa AD', '', '', '0000-00-00', '2018-08-03 10:28:02', 1, 11, 1, 5, 2),
(1029, 'JBR1319', 'Sukabakti', '', '', '0000-00-00', '2018-08-03 10:28:02', 1, 11, 1, 5, 2),
(1030, 'JBR1318', 'Teras Sukajadi', '', '', '0000-00-00', '2018-08-03 10:28:02', 1, 11, 1, 5, 2),
(1031, 'JBR144', 'Apartemen Baverly', '', '', '0000-00-00', '2018-08-03 10:28:02', 2, 13, 1, 5, 2),
(1032, 'JBR145', 'Apartemen Melati', '', '', '0000-00-00', '2018-08-03 10:28:02', 2, 13, 1, 5, 2),
(1033, 'JBR185', 'Istana Gardenia Regency', '', '', '0000-00-00', '2018-08-03 10:28:02', 2, 12, 1, 5, 2),
(1034, 'JBR133', 'JL JATINANGOR - CIBEUSI', '', '', '0000-00-00', '2018-08-03 10:28:02', 2, 13, 1, 5, 2),
(1035, 'JBR124', 'Kp Cikuda-Cileles-Cisaladah', '', '', '0000-00-00', '2018-08-03 10:28:02', 2, 13, 1, 5, 2),
(1036, 'JBR403', 'BDB,BJA,FTTH SANGGAR MAS LESTARI,232HP', '', '', '0000-00-00', '2018-08-03 10:28:02', 2, 16, 1, 5, 2),
(1037, 'JBR432', 'BDB,HS,FTTH,ALUN-ALUN MAJALAYA,24HP', '', '', '0000-00-00', '2018-08-03 10:28:02', 2, 77, 1, 5, 2),
(1038, 'JBR433', 'BDB,HS,MJA,FTTH,KAHATEX GROUP,128HP', '', '', '0000-00-00', '2018-08-03 10:28:03', 2, 77, 1, 5, 2),
(1039, 'JBR434', 'BDB,HS,MJA,FTTH,RANCA JIGANG,16HP', '', '', '0000-00-00', '2018-08-03 10:28:03', 2, 77, 1, 5, 2),
(1040, 'JBR435', 'BDB,HS,MJA,FTTH,SUKAMANAH,16HP', '', '', '0000-00-00', '2018-08-03 10:28:03', 2, 77, 1, 5, 2),
(1041, 'JBR427', 'Graha Bukit Raya 1', '', '', '0000-00-00', '2018-08-03 10:28:03', 2, 12, 1, 5, 2),
(1042, 'JBR420', 'JL. RAYA CIHAMPELAS', '', '', '0000-00-00', '2018-08-03 10:28:03', 2, 36, 1, 5, 2),
(1043, 'JBR429', 'Penambahan Distribusi ODP', '', '', '0000-00-00', '2018-08-03 10:28:03', 2, 74, 1, 5, 2),
(1044, 'JBR405', 'Penarikan Distribusi  ODP cluster Pajagalan Indah ', '', '', '0000-00-00', '2018-08-03 10:28:03', 2, 16, 1, 5, 2),
(1045, 'JBR406', 'Penarikan Distribusi ODP  Bumi Baleendah Asri', '', '', '0000-00-00', '2018-08-03 10:28:03', 2, 16, 1, 5, 2),
(1046, 'JBR407', 'Penarikan Distribusi ODP  Ranca Manyar Indah', '', '', '0000-00-00', '2018-08-03 10:28:03', 2, 16, 1, 5, 2),
(1047, 'JBR409', 'Penarikan Distribusi ODP Cluster Banjaran Indah Prima', '', '', '0000-00-00', '2018-08-03 10:28:03', 2, 16, 1, 5, 2),
(1048, 'JBR410', 'Penarikan Distribusi ODP Cluster Baros City View', '', '', '0000-00-00', '2018-08-03 10:28:03', 2, 16, 1, 5, 2),
(1049, 'JBR412', 'Penarikan Distribusi ODP Cluster Cemara Residence', '', '', '0000-00-00', '2018-08-03 10:28:03', 2, 16, 1, 5, 2),
(1050, 'JBR413', 'Penarikan Distribusi ODP Cluster Cipaku Indah', '', '', '0000-00-00', '2018-08-03 10:28:03', 2, 16, 1, 5, 2),
(1051, 'JBR414', 'Penarikan Distribusi ODP Cluster Manggahang Baleendah', '', '', '0000-00-00', '2018-08-03 10:28:03', 2, 16, 1, 5, 2),
(1052, 'JBR419', 'Penarikan Distribusi ODP Cluster Sindang Lengo', '', '', '0000-00-00', '2018-08-03 10:28:03', 2, 16, 1, 5, 2),
(1053, 'JBR401', 'Penarikan distribusi ODP lokasi Neglasari ', '', '', '0000-00-00', '2018-08-03 10:28:03', 2, 16, 1, 5, 2),
(1054, 'JBR422', 'PENARIKAN JAR KOMPLEK  PURI INDAH LESTARI', '', '', '0000-00-00', '2018-08-03 10:28:03', 2, 36, 1, 5, 2),
(1055, 'JBR423', 'PENARIKAN JAR PERUM BATUJAJAR INDAH', '', '', '0000-00-00', '2018-08-03 10:28:04', 2, 36, 1, 5, 2),
(1056, 'JBR1617', ' Jl Kantor Pos Sangkuriang  ', '', '', '0000-00-00', '2018-08-03 10:28:04', 2, 12, 1, 5, 2),
(1057, 'JBR1637', 'Babakan / Sukahaji dsk.', '', '', '0000-00-00', '2018-08-03 10:28:04', 2, 37, 1, 5, 2),
(1058, 'JBR1632', 'Batu Regency', '', '', '0000-00-00', '2018-08-03 10:28:04', 2, 12, 1, 5, 2),
(1059, 'JBR1638', 'BUMI ASRI PATARUMAN', '', '', '0000-00-00', '2018-08-03 10:28:04', 2, 36, 1, 5, 2),
(1060, 'JBR1624', 'Cisangkan Girang ( Belakang Pom Bensin / Belakang', '', '', '0000-00-00', '2018-08-03 10:28:04', 2, 12, 1, 5, 2),
(1061, 'JBR1623', 'Cisangkan Girang ( Jl stadion )FCU UNSC ada 3   SC-3737679  ', '', '', '0000-00-00', '2018-08-03 10:28:04', 2, 12, 1, 5, 2),
(1062, 'JBR1619', 'Graha Cihanjuang', '', '', '0000-00-00', '2018-08-03 10:28:04', 2, 12, 1, 5, 2),
(1063, 'JBR1625', 'Jl sangkuriang s/d Vidya Chandra kiri kanan  FAE', '', '', '0000-00-00', '2018-08-03 10:28:04', 2, 12, 1, 5, 2),
(1064, 'JBR29', 'Jl.raya Nagrek-Cicalengka', '', '', '0000-00-00', '2018-08-03 10:28:04', 2, 14, 1, 5, 2),
(1065, 'JBR1605', 'KOMP CIBALIGO PERMAI', '', '', '0000-00-00', '2018-08-03 10:28:04', 2, 15, 1, 5, 2),
(1066, 'JBR1614', 'Komp Kantor Pos Belakang Pombensin Sangkuriang  ', '', '', '0000-00-00', '2018-08-03 10:28:04', 2, 12, 1, 5, 2),
(1067, 'JBR1630', 'Komp Parahyangan Cibeber Nanjung', '', '', '0000-00-00', '2018-08-03 10:28:04', 2, 12, 1, 5, 2),
(1068, 'JBR1609', 'Komp Pasar Caringin', '', '', '0000-00-00', '2018-08-03 10:28:04', 2, 37, 1, 5, 2),
(1069, 'JBR1599', 'KOMP PERUMAHAN BALITSA', '', '', '0000-00-00', '2018-08-03 10:28:04', 2, 17, 1, 5, 2),
(1070, 'JBR1651', 'Komp Villa Istana Bunga lembang', '', '', '0000-00-00', '2018-08-03 10:28:04', 2, 68, 1, 5, 2),
(1071, 'JBR1620', 'Komplek Melong asih', '', '', '0000-00-00', '2018-08-03 10:28:05', 2, 37, 1, 5, 2),
(1072, 'JBR1631', 'Lembah Teratai', '', '', '0000-00-00', '2018-08-03 10:28:05', 2, 12, 1, 5, 2),
(1073, 'JBR1606', 'Pasar Andir Grosir Pakian', '', '', '0000-00-00', '2018-08-03 10:28:05', 2, 37, 1, 5, 2),
(1074, 'JBR1598', 'Paskal 23', '', '', '0000-00-00', '2018-08-03 10:28:05', 2, 37, 1, 5, 2),
(1075, 'JBR1612', 'PCI 2', '', '', '0000-00-00', '2018-08-03 10:28:05', 2, 12, 1, 5, 2),
(1076, 'JBR1602', 'Perum Mekar wangi', '', '', '0000-00-00', '2018-08-03 10:28:05', 2, 36, 1, 5, 2),
(1077, 'JBR1604', 'PERUM SELARAS CIMAREME INDAH-PERUM SILIH ASIH PANGAUBAN INDAH', '', '', '0000-00-00', '2018-08-03 10:28:05', 2, 36, 1, 5, 2),
(1078, 'JBR1601', 'Perumahan Alam Segar Citapen', '', '', '0000-00-00', '2018-08-03 10:28:05', 2, 36, 1, 5, 2),
(1079, 'JBR1616', 'Puri Budi Asri masuk Ijenad ada megavision', '', '', '0000-00-00', '2018-08-03 10:28:05', 2, 12, 1, 5, 2),
(1080, 'JBR1611', 'PURI CIPAGERAN II (JL H GOPUR)', '', '', '0000-00-00', '2018-08-03 10:28:05', 2, 12, 1, 5, 2),
(1081, 'JBR1633', 'Terace Garden Sumber Sari', '', '', '0000-00-00', '2018-08-03 10:28:05', 2, 37, 1, 5, 2),
(1082, 'JBR596', 'BONGAS', '', '', '0000-00-00', '2018-08-03 10:28:05', 3, 43, 1, 5, 2),
(1083, 'JBR640', 'LME KAD FRK', '', '', '0000-00-00', '2018-08-03 10:28:05', 3, 38, 1, 5, 2),
(1084, 'JBR701', 'LME MJLRD', '', '', '0000-00-00', '2018-08-03 10:28:05', 3, 39, 1, 5, 2),
(1085, 'JBR702', 'LME MJLRE', '', '', '0000-00-00', '2018-08-03 10:28:05', 3, 39, 1, 5, 2),
(1086, 'JBR704', 'LME MJLRG', '', '', '0000-00-00', '2018-08-03 10:28:05', 3, 39, 1, 5, 2),
(1087, 'JBR1652', 'Bumi Arum Sari ( ODC FDH ) ( ODC FDD TA )', '', '', '0000-00-00', '2018-08-03 10:28:06', 3, 19, 1, 5, 2),
(1088, 'JBR1355', 'Cempaka Arum , Puri Cirebon Lestari', '', '', '0000-00-00', '2018-08-03 10:28:06', 3, 19, 1, 5, 2),
(1089, 'JBR1343', 'Golden Kedawung, Bumi Hijau', '', '', '0000-00-00', '2018-08-03 10:28:06', 3, 18, 1, 5, 2),
(1090, 'JBR1342', 'Kedawung Regency 1, Griya Mukti Asri', '', '', '0000-00-00', '2018-08-03 10:28:06', 3, 18, 1, 5, 2),
(1091, 'JBR1340', 'Perumahan sipulo', '', '', '0000-00-00', '2018-08-03 10:28:06', 3, 80, 1, 5, 2),
(1092, 'JBR1341', 'Puri Taman Sari blok D, E, Graha Estetika', '', '', '0000-00-00', '2018-08-03 10:28:06', 3, 18, 1, 5, 2),
(1093, 'JBR812', 'CIKAUM BINONG', '', '', '0000-00-00', '2018-08-03 10:28:06', 4, 71, 1, 5, 2),
(1094, 'JBR873', 'JL AKPER', '', '', '0000-00-00', '2018-08-03 10:28:06', 4, 21, 1, 5, 2),
(1095, 'JBR877', 'jL PIERE TANDEAN CICADAS', '', '', '0000-00-00', '2018-08-03 10:28:06', 4, 21, 1, 5, 2),
(1096, 'JBR842', 'Jl. Raya Campaka Cisantri', '', '', '0000-00-00', '2018-08-03 10:28:06', 4, 22, 1, 5, 2),
(1097, 'JBR843', 'Jl. Raya Campaka Pasar Minggu', '', '', '0000-00-00', '2018-08-03 10:28:06', 4, 22, 1, 5, 2),
(1098, 'JBR844', 'Jl. Raya Campaka Tanjung Garut', '', '', '0000-00-00', '2018-08-03 10:28:06', 4, 22, 1, 5, 2),
(1099, 'JBR845', 'Jl. Raya Cibatu', '', '', '0000-00-00', '2018-08-03 10:28:06', 4, 22, 1, 5, 2),
(1100, 'JBR768', 'Perum Green Erfina', '', '', '0000-00-00', '2018-08-03 10:28:06', 4, 53, 1, 5, 2),
(1101, 'JBR887', 'PONDOK INDAH & PU PENGAIRAN', '', '', '0000-00-00', '2018-08-03 10:28:06', 4, 21, 1, 5, 2),
(1102, 'JBR824', 'SUKAMAHI-SUKASARI-BATANGSARI', '', '', '0000-00-00', '2018-08-03 10:28:07', 4, 52, 1, 5, 2),
(1103, 'JBR1653', 'PLERED SUKATANI s/d PT. GUNUNG KECAPI ', '', '', '0000-00-00', '2018-08-03 10:28:07', 4, 81, 1, 5, 2),
(1104, 'JBR1554', 'Cluster Mutiara', '', '', '0000-00-00', '2018-08-03 10:28:07', 4, 20, 1, 5, 2),
(1105, 'JBR1533', 'Cluster Mutiara Lamaran ', '', '', '0000-00-00', '2018-08-03 10:28:07', 4, 20, 1, 5, 2),
(1106, 'JBR1557', 'Jl. RH Jaja Abdullah', '', '', '0000-00-00', '2018-08-03 10:28:07', 4, 20, 1, 5, 2),
(1107, 'JBR1555', 'Jl. Rhs Saca Kusumah', '', '', '0000-00-00', '2018-08-03 10:28:07', 4, 20, 1, 5, 2),
(1108, 'JBR1512', 'Kampung Duren ', '', '', '0000-00-00', '2018-08-03 10:28:07', 4, 54, 1, 5, 2),
(1109, 'JBR1544', 'Kampung Pasirjengkol', '', '', '0000-00-00', '2018-08-03 10:28:07', 4, 20, 1, 5, 2),
(1110, 'JBR1531', 'Kartika Residence', '', '', '0000-00-00', '2018-08-03 10:28:07', 4, 54, 1, 5, 2),
(1111, 'JBR1535', 'Perum Adiarsa ', '', '', '0000-00-00', '2018-08-03 10:28:07', 4, 20, 1, 5, 2),
(1112, 'JBR1522', 'Perum Griya Mas Karawang', '', '', '0000-00-00', '2018-08-03 10:28:07', 4, 54, 1, 5, 2),
(1113, 'JBR1518', 'Perum Mustika Prakarsa', '', '', '0000-00-00', '2018-08-03 10:28:07', 4, 54, 1, 5, 2),
(1114, 'JBR1589', 'Perum Mutiara Raya ', '', '', '0000-00-00', '2018-08-03 10:28:07', 4, 23, 1, 5, 2),
(1115, 'JBR1493', 'Perum Pegadungan Purwasari', '', '', '0000-00-00', '2018-08-03 10:28:07', 4, 53, 1, 5, 2),
(1116, 'JBR1543', 'Perum Pesona Grand Karawang', '', '', '0000-00-00', '2018-08-03 10:28:07', 4, 20, 1, 5, 2),
(1117, 'JBR1496', 'PERUM TRULY ESTATE', '', '', '0000-00-00', '2018-08-03 10:28:08', 4, 53, 1, 5, 2),
(1118, 'JBR916', 'SKB,CBB,DCS,PETEUYCONDONG,FRG,480HP', '', '', '0000-00-00', '2018-08-03 10:28:08', 5, 58, 1, 5, 2),
(1119, 'JBR983', 'SKB,CKB,DCS,CIBUNGUR,FRY,48 PORT', '', '', '0000-00-00', '2018-08-03 10:28:08', 5, 59, 1, 5, 2),
(1120, 'JBR986', 'SKB,JPK,DCS,KEC.CIRACAP,FRQ,48 PORT', '', '', '0000-00-00', '2018-08-03 10:28:08', 5, 29, 1, 5, 2),
(1121, 'JBR1689', 'Jl. Gasol Mangunkerta, Cugenang Cianjur', '', '', '0000-00-00', '2018-08-03 10:28:08', 5, 24, 1, 5, 2),
(1122, 'JBR1691', 'KAMPUNG BENTENG DESA BENDA CBB', '', '', '0000-00-00', '2018-08-03 10:28:08', 5, 58, 1, 5, 2),
(1123, 'JBR1693', 'Kp lebak siuh desa sukajadi campaka FAH 09', '', '', '0000-00-00', '2018-08-03 10:28:08', 5, 82, 1, 5, 2),
(1124, 'JBR1690', 'PERUM GRAND ALVINO  CIANJUR', '', '', '0000-00-00', '2018-08-03 10:28:08', 5, 24, 1, 5, 2),
(1125, 'JBR1688', 'PERUM GRAND AMANDA JL.ARWINDA CIANJUR', '', '', '0000-00-00', '2018-08-03 10:28:08', 5, 24, 1, 5, 2),
(1126, 'JBR1692', 'SKB,CJG KP,JATISARI DES.JATI SARI', '', '', '0000-00-00', '2018-08-03 10:28:09', 5, 83, 1, 5, 2),
(1127, 'JBR1687', 'SKB,CJR,DCS .SINDANG LAKA JL.ARWINDA ODC FAG', '', '', '0000-00-00', '2018-08-03 10:28:09', 5, 24, 1, 5, 2),
(1128, 'JBR1694', 'SKB,TGE,DCS,BALEDESA CIJATI DESA SUKAMAHI', '', '', '0000-00-00', '2018-08-03 10:28:09', 5, 84, 1, 5, 2),
(1129, 'JBR1426', 'SKB, SDL, HS, CIPAGEDONGAN (GADOG3) ', '', '', '0000-00-00', '2018-08-03 10:28:09', 5, 25, 1, 5, 2),
(1130, 'JBR1422', 'SKB, SDL, HS, GADOG REGENCY', '', '', '0000-00-00', '2018-08-03 10:28:09', 5, 25, 1, 5, 2),
(1131, 'JBR1423', 'SKB, SDL, HS, KAMPUNG JOLOK', '', '', '0000-00-00', '2018-08-03 10:28:09', 5, 25, 1, 5, 2),
(1132, 'JBR1424', 'SKB, SDL, HS, KAMPUNG KUBANG', '', '', '0000-00-00', '2018-08-03 10:28:09', 5, 25, 1, 5, 2),
(1133, 'JBR1399', 'SKB,CBD,DCS,KARANG ASRI 1 DAN 2', '', '', '0000-00-00', '2018-08-03 10:28:09', 5, 27, 1, 5, 2),
(1134, 'JBR1401', 'SKB,CBD,HS,FTTH KADU PUGUR,MRB,480H', '', '', '0000-00-00', '2018-08-03 10:28:09', 5, 27, 1, 5, 2),
(1135, 'JBR1394', 'SKB,CBD,HS,FTTH LEUWEUNG DATAR,FRV,48HP', '', '', '0000-00-00', '2018-08-03 10:28:09', 5, 27, 1, 5, 2),
(1136, 'JBR1406', 'SKB,CCR,DCS, PERUM CIDAHU RESIDENCE', '', '', '0000-00-00', '2018-08-03 10:28:09', 5, 28, 1, 5, 2),
(1137, 'JBR1405', 'SKB,CCR,DCS,PERUM CIDAHU ASRI', '', '', '0000-00-00', '2018-08-03 10:28:09', 5, 28, 1, 5, 2),
(1138, 'JBR1384', 'SKB,CJR,CON,FRAN,NEW ODC CIPADANG KALAPA', '', '', '0000-00-00', '2018-08-03 10:28:09', 5, 24, 1, 5, 2),
(1139, 'JBR1385', 'SKB,DCS,CJR KOMPLEK RAIDER DAN PERUM ARWINDA', '', '', '0000-00-00', '2018-08-03 10:28:10', 5, 24, 1, 5, 2),
(1140, 'JBR1097', 'Buniseuri', '', '', '0000-00-00', '2018-08-03 10:28:10', 6, 66, 1, 5, 2),
(1141, 'JBR1078', 'Cevron Area', '', '', '0000-00-00', '2018-08-03 10:28:10', 6, 67, 1, 5, 2),
(1142, 'JBR1195', 'Cibatu kota', '', '', '0000-00-00', '2018-08-03 10:28:10', 6, 60, 1, 5, 2),
(1143, 'JBR1117', 'CIGUGUR ARE', '', '', '0000-00-00', '2018-08-03 10:28:10', 6, 85, 1, 5, 2),
(1144, 'JBR1118', 'CIMERAK AREA', '', '', '0000-00-00', '2018-08-03 10:28:10', 6, 85, 1, 5, 2),
(1145, 'JBR1080', 'Kiri dan kanan jalan raya Sukadana sd Ciparay', '', '', '0000-00-00', '2018-08-03 10:28:10', 6, 67, 1, 5, 2),
(1146, 'JBR1061', 'Pager Ageung', '', '', '0000-00-00', '2018-08-03 10:28:10', 6, 86, 1, 5, 2),
(1147, 'JBR1062', 'Panumbangan', '', '', '0000-00-00', '2018-08-03 10:28:10', 6, 86, 1, 5, 2),
(1148, 'JBR1081', 'Perum Arcadiya', '', '', '0000-00-00', '2018-08-03 10:28:10', 6, 67, 1, 5, 2),
(1149, 'JBR1146', 'Perum Arjamukti', '', '', '0000-00-00', '2018-08-03 10:28:10', 6, 63, 1, 5, 2),
(1150, 'JBR1083', 'Perum Darul Mutaqin', '', '', '0000-00-00', '2018-08-03 10:28:10', 6, 67, 1, 5, 2),
(1151, 'JBR1073', 'Perum Pesona Imbanaga', '', '', '0000-00-00', '2018-08-03 10:28:10', 6, 31, 1, 5, 2),
(1152, 'JBR1089', 'Perumahan Cipanas Real Estate', '', '', '0000-00-00', '2018-08-03 10:28:10', 6, 67, 1, 5, 2),
(1153, 'JBR1095', 'Perumahan Rabani I dan II', '', '', '0000-00-00', '2018-08-03 10:28:11', 6, 67, 1, 5, 2),
(1154, 'JBR1105', 'Rajadesa Kawali', '', '', '0000-00-00', '2018-08-03 10:28:11', 6, 66, 1, 5, 2),
(1155, 'JBR1054', 'Randegan', '', '', '0000-00-00', '2018-08-03 10:28:11', 6, 65, 1, 5, 2),
(1156, 'JBR1121', 'Route Batu Caras', '', '', '0000-00-00', '2018-08-03 10:28:11', 6, 85, 1, 5, 2),
(1157, 'JBR1074', 'Sari Asih Cikoneng Ciamis', '', '', '0000-00-00', '2018-08-03 10:28:11', 6, 31, 1, 5, 2),
(1158, 'JBR1199', 'TSM,WNR,HS,LME FTTH JL WANARAJA 64 HP', '', '', '0000-00-00', '2018-08-03 10:28:11', 6, 60, 1, 5, 2),
(1159, 'JBR1287', 'BINAGUN', '', '', '0000-00-00', '2018-08-03 10:28:11', 6, 65, 1, 5, 2),
(1160, 'JBR1443', 'Cicadas-Darawati', '', '', '0000-00-00', '2018-08-03 10:28:11', 6, 64, 1, 5, 2),
(1161, 'JBR1442', 'JL. Pasirwangi - Darajat', '', '', '0000-00-00', '2018-08-03 10:28:11', 6, 67, 1, 5, 2),
(1162, 'JBR267', 'PERMATA BUAH BATU 2', '', '', '0000-00-00', '2018-08-03 10:28:11', 1, 3, 1, 5, 2),
(1163, 'JBR1664', 'Kebon Gedang', '', '', '0000-00-00', '2018-08-03 10:28:11', 1, 5, 1, 5, 2),
(1164, 'JBR1315', 'KOTA BANDUNG, SUKAJADI, CIPEDES ATAS', '', '', '0000-00-00', '2018-08-03 10:28:11', 1, 11, 1, 5, 2),
(1165, 'JBR1313', 'KOTA BANDUNG,HEGARMANAH,CIUMBULEUIT BAWAH, SILIWANGI', '', '', '0000-00-00', '2018-08-03 10:28:11', 1, 11, 1, 5, 2),
(1166, 'JBR1153', 'Bumi Rancageuneg Pratama', '', '', '0000-00-00', '2018-08-03 10:28:12', 6, 30, 1, 5, 2),
(1167, 'JBR1156', 'Jl. Hanura Kiara Panglayungan', '', '', '0000-00-00', '2018-08-03 10:28:12', 6, 30, 1, 5, 2),
(1168, 'JBR1158', 'Komplek Wijaya permai II', '', '', '0000-00-00', '2018-08-03 10:28:12', 6, 30, 1, 5, 2),
(1169, 'JBR1161', 'Padayungan Asri Tasikmalaya', '', '', '0000-00-00', '2018-08-03 10:28:12', 6, 30, 1, 5, 2),
(1170, 'JBR1162', 'Permata Intan Regency Tasikmalaya', '', '', '0000-00-00', '2018-08-03 10:28:12', 6, 30, 1, 5, 2),
(1171, 'JBR1163', 'Perum Aila', '', '', '0000-00-00', '2018-08-03 10:28:12', 6, 30, 1, 5, 2),
(1172, 'JBR1164', 'Perum Batara', '', '', '0000-00-00', '2018-08-03 10:28:12', 6, 30, 1, 5, 2),
(1173, 'JBR1165', 'Perum Bong Kharisma & Vila Verdania', '', '', '0000-00-00', '2018-08-03 10:28:12', 6, 30, 1, 5, 2),
(1174, 'JBR1166', 'Perum Bumi Sukapura', '', '', '0000-00-00', '2018-08-03 10:28:12', 6, 30, 1, 5, 2),
(1175, 'JBR1178', 'Perum Sukamulya', '', '', '0000-00-00', '2018-08-03 10:28:12', 6, 30, 1, 5, 2),
(1176, 'JBR1180', 'Perum Wastukencana ', '', '', '0000-00-00', '2018-08-03 10:28:12', 6, 30, 1, 5, 2),
(1177, 'JBR1184', 'Route Cinehel Area', '', '', '0000-00-00', '2018-08-03 10:28:12', 6, 30, 1, 5, 2),
(1178, 'JBR1186', 'Route KH Zaenal Mustofa', '', '', '0000-00-00', '2018-08-03 10:28:12', 6, 30, 1, 5, 2),
(1179, 'JBR1189', 'Sirnagalih Kencana', '', '', '0000-00-00', '2018-08-03 10:28:13', 6, 30, 1, 5, 2),
(1180, 'JBR1190', 'Sirnagalih Residence', '', '', '0000-00-00', '2018-08-03 10:28:13', 6, 30, 1, 5, 2),
(1181, 'JBR1191', 'SMK,MTs Lisa addaitidaarioini Gandok pasirangin II', '', '', '0000-00-00', '2018-08-03 10:28:13', 6, 30, 1, 5, 2),
(1182, 'JBR1193', 'Wastu Kencana Cibeureum Tasikmalaya', '', '', '0000-00-00', '2018-08-03 10:28:13', 6, 30, 1, 5, 2),
(1183, 'JBR1485', 'Perum Pondok Jati Indah ', '', '', '0000-00-00', '2018-08-03 10:28:13', 6, 30, 1, 5, 2),
(1184, 'JBR1702', 'JL.IBRAHIM AJI DAN SEKITARNYA DAN MASUK GANG', '', '', '0000-00-00', '2018-08-03 10:28:13', 1, 3, 1, 5, 2),
(1185, 'JBR1704', 'CIJAURA GIRANG 2 SINGGASAN RESIDENCE', '', '', '0000-00-00', '2018-08-03 10:28:13', 1, 3, 1, 5, 2),
(1186, 'JBR1705', 'CIJAURA GIRANG  V DE ELGRAN RESIDENCE', '', '', '0000-00-00', '2018-08-03 10:28:13', 1, 3, 1, 5, 2),
(1187, 'JBR1706', 'JL.GRYA BANDUNG ASRI 1& 2 & cluter lusan', '', '', '0000-00-00', '2018-08-03 10:28:13', 1, 3, 1, 5, 2),
(1188, 'JBR1707', 'JL.MENGGER ', '', '', '0000-00-00', '2018-08-03 10:28:13', 1, 3, 1, 5, 2),
(1189, 'JBR1708', 'PASAR MODERN BATUNUNGGAL', '', '', '0000-00-00', '2018-08-03 10:28:13', 1, 3, 1, 5, 2),
(1190, 'JBR1710', 'KOMPLEK KIARA SARI ', '', '', '0000-00-00', '2018-08-03 10:28:13', 1, 3, 1, 5, 2),
(1191, 'JBR1714', 'JL.M.H. ABDUL ROCHMAN BDK-FDE', '', '', '0000-00-00', '2018-08-03 10:28:14', 1, 4, 1, 5, 2),
(1192, 'JBR1715', 'KOMPLEK PERGUDANGAN CIBOLERANG BDK-FDE', '', '', '0000-00-00', '2018-08-03 10:28:14', 1, 4, 1, 5, 2),
(1193, 'JBR1716', 'GG MASJID JL SADANG BUNTU', '', '', '0000-00-00', '2018-08-03 10:28:14', 1, 4, 1, 5, 2),
(1194, 'JBR1717', 'JL CIGONEWAH RAHAYU BDK FDD', '', '', '0000-00-00', '2018-08-03 10:28:14', 1, 4, 1, 5, 2),
(1195, 'JBR1718', 'JL KOPO dan GG EKA BFK-FDL', '', '', '0000-00-00', '2018-08-03 10:28:14', 1, 4, 1, 5, 2),
(1196, 'JBR1725', 'JL Soekarno Hatta Waas-LPKIA', '', '', '0000-00-00', '2018-08-03 10:28:14', 1, 3, 1, 5, 2),
(1197, 'JBR1726', 'JL Soekarno Hatta (bank madiri - stopan buah batu)', '', '', '0000-00-00', '2018-08-03 10:28:14', 1, 3, 1, 5, 2),
(1198, 'JBR1727', 'Jl Terusan soekarno hatta (REL KERETA - CAREFOUR)', '', '', '0000-00-00', '2018-08-03 10:28:14', 1, 3, 1, 5, 2),
(1199, 'JBR1729', 'Jl Ciptakarya 2', '', '', '0000-00-00', '2018-08-03 10:28:14', 1, 3, 1, 5, 2),
(1200, 'JBR1734', 'KAWISTARA', '', '', '0000-00-00', '2018-08-03 10:28:14', 1, 3, 1, 5, 2),
(1201, 'JBR1735', 'GEDE BAGE', '', '', '0000-00-00', '2018-08-03 10:28:14', 1, 3, 1, 5, 2),
(1202, 'JBR1736', 'PINUS - 6 ODP', '', '', '0000-00-00', '2018-08-03 10:28:14', 1, 3, 1, 5, 2),
(1203, 'JBR1739', 'BANDUNG INDAH RAYA - 3 ODP', '', '', '0000-00-00', '2018-08-03 10:28:15', 1, 3, 1, 5, 2),
(1204, 'JBR1742', 'JALAN PERKEBUNAN - 4 ODP', '', '', '0000-00-00', '2018-08-03 10:28:15', 1, 3, 1, 5, 2),
(1205, 'JBR1743', 'JALAN MULYA GRAHA - 4 ODP', '', '', '0000-00-00', '2018-08-03 10:28:15', 1, 3, 1, 5, 2),
(1206, 'JBR1744', 'DE GREEN VILLA', '', '', '0000-00-00', '2018-08-03 10:28:15', 1, 3, 1, 5, 2),
(1207, 'JBR1745', 'PERMATA BUAH BATU 1 - TAMBAH TIAP GANG 1', '', '', '0000-00-00', '2018-08-03 10:28:15', 1, 3, 1, 5, 2),
(1208, 'JBR1747', 'CHERRY FIELD', '', '', '0000-00-00', '2018-08-03 10:28:15', 1, 3, 1, 5, 2),
(1209, 'JBR1748', 'PESONA BALI', '', '', '0000-00-00', '2018-08-03 10:28:15', 1, 3, 1, 5, 2),
(1210, 'JBR1752', 'TOPINDO ', '', '', '0000-00-00', '2018-08-03 10:28:15', 1, 3, 1, 5, 2),
(1211, 'JBR1759', 'Jl. sukasari, sadang saip-DGO FCA', '', '', '0000-00-00', '2018-08-03 10:28:15', 1, 2, 1, 5, 2),
(1212, 'JBR1760', 'SADANG ASRI', '', '', '0000-00-00', '2018-08-03 10:28:15', 1, 7, 1, 5, 2),
(1213, 'JBR1762', 'CURUG CANDUNG', '', '', '0000-00-00', '2018-08-03 10:28:15', 1, 7, 1, 5, 2),
(1214, 'JBR1763', 'MEKAR WANGI', '', '', '0000-00-00', '2018-08-03 10:28:16', 1, 7, 1, 5, 2),
(1215, 'JBR1765', 'PANJUNAN', '', '', '0000-00-00', '2018-08-03 10:28:16', 1, 7, 1, 5, 2),
(1216, 'JBR1769', 'PASIGARAN', '', '', '0000-00-00', '2018-08-03 10:28:16', 1, 7, 1, 5, 2),
(1217, 'JBR1770', 'JL.JAYADINATA', '', '', '0000-00-00', '2018-08-03 10:28:16', 1, 7, 1, 5, 2),
(1218, 'JBR1771', 'BOJONG ASIH', '', '', '0000-00-00', '2018-08-03 10:28:16', 1, 7, 1, 5, 2),
(1219, 'JBR1772', 'CITEPUS', '', '', '0000-00-00', '2018-08-03 10:28:16', 1, 7, 1, 5, 2),
(1220, 'JBR1773', 'Cluster Bandung City Light - SPBT', '', '', '0000-00-00', '2018-08-03 10:28:16', 1, 1, 1, 5, 2),
(1221, 'JBR1774', 'setramurni atas', '', '', '0000-00-00', '2018-08-03 10:28:16', 1, 6, 1, 5, 2),
(1222, 'JBR1778', 'setiabudi regency wings 3 zamrud dan sekitarnya', '', '', '0000-00-00', '2018-08-03 10:28:16', 1, 6, 1, 5, 2),
(1223, 'JBR1779', 'KPAD dekat pondok hijau', '', '', '0000-00-00', '2018-08-03 10:28:16', 1, 6, 1, 5, 2),
(1224, 'JBR1780', 'Bumi sariwangi 1 blok L, M dan cluster sakura', '', '', '0000-00-00', '2018-08-03 10:28:16', 1, 6, 1, 5, 2),
(1225, 'JBR1782', 'Tirtasari', '', '', '0000-00-00', '2018-08-03 10:28:17', 1, 6, 1, 5, 2),
(1226, 'JBR1783', 'Apartemen Cipaku Indah', '', '', '0000-00-00', '2018-08-03 10:28:17', 1, 6, 1, 5, 2),
(1227, 'JBR1785', 'Geger Arum', '', '', '0000-00-00', '2018-08-03 10:28:17', 1, 6, 1, 5, 2),
(1228, 'JBR1786', 'Panorama Kapt Abd H', '', '', '0000-00-00', '2018-08-03 10:28:17', 1, 6, 1, 5, 2),
(1229, 'JBR1788', 'Synergi Antapani', '', '', '0000-00-00', '2018-08-03 10:28:17', 1, 1, 1, 5, 2),
(1230, 'JBR1789', 'Antapani Townhouse', '', '', '0000-00-00', '2018-08-03 10:28:17', 1, 1, 1, 5, 2),
(1231, 'JBR1794', 'Jl Tongkeng, Gudang Utara, Patra Komala', '', '', '0000-00-00', '2018-08-03 10:28:17', 1, 33, 1, 5, 2),
(1232, 'JBR1795', 'Jl Kamuning, Jl Pudak, Jl Soka', '', '', '0000-00-00', '2018-08-03 10:28:17', 1, 33, 1, 5, 2),
(1233, 'JBR1796', 'Papyrus Terrace', '', '', '0000-00-00', '2018-08-03 10:28:17', 1, 6, 1, 5, 2),
(1234, 'JBR1797', 'SEKEMIRUNG KALER', '', '', '0000-00-00', '2018-08-03 10:28:17', 1, 2, 1, 5, 2),
(1235, 'JBR1798', 'BABAKAN', '', '', '0000-00-00', '2018-08-03 10:28:17', 1, 4, 1, 5, 2),
(1236, 'JBR1799', 'BABAKAN ASIH', '', '', '0000-00-00', '2018-08-03 10:28:17', 1, 4, 1, 5, 2),
(1237, 'JBR1800', 'BABAKAN CIPARAY', '', '', '0000-00-00', '2018-08-03 10:28:18', 1, 4, 1, 5, 2),
(1238, 'JBR1802', 'CIBADUYUT', '', '', '0000-00-00', '2018-08-03 10:28:18', 1, 4, 1, 5, 2),
(1239, 'JBR1804', 'CIGONDEWAH RAHAYU', '', '', '0000-00-00', '2018-08-03 10:28:18', 1, 4, 1, 5, 2),
(1240, 'JBR1805', 'Ds CANGKUANG KULON', '', '', '0000-00-00', '2018-08-03 10:28:18', 1, 4, 1, 5, 2),
(1241, 'JBR1806', 'Ds CANGKUANG WETAN', '', '', '0000-00-00', '2018-08-03 10:28:18', 1, 4, 1, 5, 2),
(1242, 'JBR1808', 'Ds CIBADUYUT WETAN', '', '', '0000-00-00', '2018-08-03 10:28:18', 1, 4, 1, 5, 2),
(1243, 'JBR1810', 'Ds CIGONDEWAH KALER', '', '', '0000-00-00', '2018-08-03 10:28:18', 1, 4, 1, 5, 2),
(1244, 'JBR1811', 'Ds CIGONDEWAH KIDUL', '', '', '0000-00-00', '2018-08-03 10:28:18', 1, 4, 1, 5, 2),
(1245, 'JBR1812', 'Ds CIGONDEWAH RAHAYU', '', '', '0000-00-00', '2018-08-03 10:28:18', 1, 4, 1, 5, 2),
(1246, 'JBR1814', 'Ds DAYEUHKOLOT', '', '', '0000-00-00', '2018-08-03 10:28:18', 1, 4, 1, 5, 2),
(1247, 'JBR1815', 'Ds MARGAASIH', '', '', '0000-00-00', '2018-08-03 10:28:18', 1, 4, 1, 5, 2),
(1248, 'JBR1818', 'Ds MARGASUKA', '', '', '0000-00-00', '2018-08-03 10:28:18', 1, 4, 1, 5, 2),
(1249, 'JBR1819', 'Ds MEKAR RAHAYU', '', '', '0000-00-00', '2018-08-03 10:28:18', 1, 4, 1, 5, 2),
(1250, 'JBR1820', 'Ds MEKAR WANGI', '', '', '0000-00-00', '2018-08-03 10:28:18', 1, 4, 1, 5, 2),
(1251, 'JBR1821', 'Ds RAHAYU', '', '', '0000-00-00', '2018-08-03 10:28:18', 1, 4, 1, 5, 2),
(1252, 'JBR1822', 'Ds RANCAMANYAR', '', '', '0000-00-00', '2018-08-03 10:28:18', 1, 4, 1, 5, 2),
(1253, 'JBR1826', 'Kec BALE ENDAH', '', '', '0000-00-00', '2018-08-03 10:28:18', 1, 4, 1, 5, 2),
(1254, 'JBR1827', 'KOPO', '', '', '0000-00-00', '2018-08-03 10:28:19', 1, 4, 1, 5, 2),
(1255, 'JBR1828', 'MARGAHAYU UTARA', '', '', '0000-00-00', '2018-08-03 10:28:19', 1, 4, 1, 5, 2),
(1256, 'JBR1831', 'BATU NUNGGAL', '', '', '0000-00-00', '2018-08-03 10:28:19', 1, 3, 1, 5, 2),
(1257, 'JBR1832', 'BINONG', '', '', '0000-00-00', '2018-08-03 10:28:19', 1, 5, 1, 5, 2),
(1258, 'JBR1833', 'BUAH BATU', '', '', '0000-00-00', '2018-08-03 10:28:19', 1, 5, 1, 5, 2),
(1259, 'JBR1834', 'BURANGRANG', '', '', '0000-00-00', '2018-08-03 10:28:19', 1, 5, 1, 5, 2),
(1260, 'JBR1836', 'CIJAGRA', '', '', '0000-00-00', '2018-08-03 10:28:19', 1, 5, 1, 5, 2),
(1261, 'JBR1838', 'CIPAMOKOLAN_TRG', '', '', '0000-00-00', '2018-08-03 10:28:19', 1, 5, 1, 5, 2),
(1262, 'JBR1839', 'CISARANTEN ENDAH', '', '', '0000-00-00', '2018-08-03 10:28:19', 1, 5, 1, 5, 2),
(1263, 'JBR1840', 'CISARANTEN KULON', '', '', '0000-00-00', '2018-08-03 10:28:19', 1, 5, 1, 5, 2),
(1264, 'JBR1841', 'CISARANTEN WETAN', '', '', '0000-00-00', '2018-08-03 10:28:19', 1, 5, 1, 5, 2),
(1265, 'JBR1842', 'GUMURUH', '', '', '0000-00-00', '2018-08-03 10:28:19', 1, 5, 1, 5, 2),
(1266, 'JBR1843', 'JATI SARI', '', '', '0000-00-00', '2018-08-03 10:28:19', 1, 5, 1, 5, 2),
(1267, 'JBR1844', 'KACAPIRING', '', '', '0000-00-00', '2018-08-03 10:28:19', 1, 5, 1, 5, 2),
(1268, 'JBR1845', 'KEBON JAYANTI', '', '', '0000-00-00', '2018-08-03 10:28:19', 1, 5, 1, 5, 2),
(1269, 'JBR1846', 'KEBON KANGKUNG', '', '', '0000-00-00', '2018-08-03 10:28:19', 1, 5, 1, 5, 2),
(1270, 'JBR1847', 'KEBON PISANG', '', '', '0000-00-00', '2018-08-03 10:28:20', 1, 5, 1, 5, 2),
(1271, 'JBR1848', 'LINGKAR SELATAN', '', '', '0000-00-00', '2018-08-03 10:28:20', 1, 5, 1, 5, 2),
(1272, 'JBR1849', 'MALABAR', '', '', '0000-00-00', '2018-08-03 10:28:20', 1, 5, 1, 5, 2),
(1273, 'JBR1851', 'MARGASARI', '', '', '0000-00-00', '2018-08-03 10:28:20', 1, 5, 1, 5, 2),
(1274, 'JBR1852', 'NEGLASARI', '', '', '0000-00-00', '2018-08-03 10:28:20', 1, 5, 1, 5, 2),
(1275, 'JBR1853', 'PADASUKA', '', '', '0000-00-00', '2018-08-03 10:28:20', 1, 5, 1, 5, 2),
(1276, 'JBR1854', 'PALEDANG', '', '', '0000-00-00', '2018-08-03 10:28:20', 1, 5, 1, 5, 2),
(1277, 'JBR1855', 'SAMOJA', '', '', '0000-00-00', '2018-08-03 10:28:20', 1, 5, 1, 5, 2),
(1278, 'JBR1856', 'SEKEJATI', '', '', '0000-00-00', '2018-08-03 10:28:20', 1, 5, 1, 5, 2),
(1279, 'JBR1857', 'JL. SUKAPURA_TRG', '', '', '0000-00-00', '2018-08-03 10:28:20', 1, 5, 1, 5, 2),
(1280, 'JBR1858', 'TURANGGA', '', '', '0000-00-00', '2018-08-03 10:28:20', 1, 5, 1, 5, 2),
(1281, 'JBR1859', 'KOTA BANDUNG, CIUMBULEUIT, REREONGAN SARUPI, PUNCLUT', '', '', '0000-00-00', '2018-08-03 10:28:20', 1, 11, 1, 5, 2),
(1282, 'JBR1860', 'KOTA BANDUNG,HEGARMANAH,BUKIT INDAH, BUKIT RAYA ATAS & REREONGAN SARUPI BAWAH', '', '', '0000-00-00', '2018-08-03 10:28:20', 1, 11, 1, 5, 2),
(1283, 'JBR1861', 'KOTA BANDUNG,HEGARMANAH,CIUMBULEUIT,BUKIT INDAH 1 & BUKIT SASTRA', '', '', '0000-00-00', '2018-08-03 10:28:20', 1, 11, 1, 5, 2),
(1284, 'JBR1862', 'BELEZZA ANTAPANI', '', '', '0000-00-00', '2018-08-03 10:28:20', 1, 1, 1, 5, 2),
(1285, 'JBR1863', 'APARTEMENT GATEWAY', '', '', '0000-00-00', '2018-08-03 10:28:20', 1, 1, 1, 5, 2),
(1286, 'JBR1879', 'Perum Melati Mas Gunung Manggu Indihiang (ASAL Perum sindang kasih)', '', '', '0000-00-00', '2018-08-03 10:28:21', 6, 30, 1, 5, 2),
(1287, 'JBR1881', 'Perum Mahendra (ASAL Ruko Perum Rineuh)', '', '', '0000-00-00', '2018-08-03 10:28:21', 6, 30, 1, 5, 2),
(1288, 'JBR1882', 'Perum Sakura kawalu (ASAL Perum Cornis Cikadongdong)', '', '', '0000-00-00', '2018-08-03 10:28:21', 6, 30, 1, 5, 2),
(1289, 'JBR1883', 'Perum Belakang PO Primajasa Tasikmalaya (ASAL Perum Safir)', '', '', '0000-00-00', '2018-08-03 10:28:21', 6, 30, 1, 5, 2),
(1290, 'JBR1884', 'Perum jati wangi Jl RayaCibodas Cisayong (ASAL Jl. Letjen Mashudi dekat Lanud Tasikmalaya)', '', '', '0000-00-00', '2018-08-03 10:28:21', 6, 30, 1, 5, 2),
(1291, 'JBR2039', 'JL.AKI PADMA-BABAKAN CIPARAY HOLIS', '', '', '0000-00-00', '2018-08-03 10:28:21', 2, 37, 1, 5, 2),
(1292, 'JBR2040', 'KOMP PANCANAKA ROYAL GARDEN', '', '', '0000-00-00', '2018-08-03 10:28:21', 2, 37, 1, 5, 2),
(1293, 'JBR2041', 'KOMP. BUMI PATARUMAN 2', '', '', '0000-00-00', '2018-08-03 10:28:21', 2, 36, 1, 5, 2),
(1294, 'JBR2042', 'KOMP. G-LAND PADALARANG', '', '', '0000-00-00', '2018-08-03 10:28:21', 2, 72, 1, 5, 2),
(1295, 'JBR2078', 'FBB - BIZPARK KOPO', '', '', '0000-00-00', '2018-08-03 10:28:21', 1, 4, 1, 5, 2),
(1296, 'JBR2084', 'DAYEUHKOLOT - jalan stasiun', '', '', '0000-00-00', '2018-08-03 10:28:21', 1, 7, 1, 5, 2),
(1297, 'JBR2088', 'TGA - FCP - PASIR JAYA', '', '', '0000-00-00', '2018-08-03 10:28:21', 1, 7, 1, 5, 2),
(1298, 'JBR2091', 'TGA - FBT - PANJUNAN', '', '', '0000-00-00', '2018-08-03 10:28:21', 1, 7, 1, 5, 2),
(1299, 'JBR2093', 'TGA - FBK - PASIRLUYU', '', '', '0000-00-00', '2018-08-03 10:28:21', 1, 7, 1, 5, 2),
(1300, 'JBR2094', 'ODC-TLE-FCM - CIATEUL', '', '', '0000-00-00', '2018-08-03 10:28:21', 1, 7, 1, 5, 2),
(1301, 'JBR2150', 'Puri Cendikia(MRAQ)', '', '', '0000-00-00', '2018-08-03 10:28:21', 2, 13, 1, 5, 2),
(1302, 'JBR2151', 'Komp Rancaendah(MRG)', '', '', '0000-00-00', '2018-08-03 10:28:22', 2, 13, 1, 5, 2),
(1303, 'JBR2152', 'Komp Permata Hijau(MRAM)', '', '', '0000-00-00', '2018-08-03 10:28:22', 2, 13, 1, 5, 2),
(1304, 'JBR2153', 'Jl. Raya Rancaekek (MRK)', '', '', '0000-00-00', '2018-08-03 10:28:22', 2, 13, 1, 5, 2),
(1305, 'JBR2154', 'Jl Raya Jatinangor (MRS)', '', '', '0000-00-00', '2018-08-03 10:28:22', 2, 13, 1, 5, 2),
(1306, 'JBR2155', 'Depan STO RCK (MRA)', '', '', '0000-00-00', '2018-08-03 10:28:22', 2, 13, 1, 5, 2),
(1307, 'JBR2156', 'Komp Industri (MRT)', '', '', '0000-00-00', '2018-08-03 10:28:22', 2, 13, 1, 5, 2),
(1308, 'JBR2160', 'Jl Pasir Luyu Utara', '', '', '0000-00-00', '2018-08-03 10:28:22', 1, 7, 1, 5, 2),
(1309, 'JBR2162', 'GG Jaksa', '', '', '0000-00-00', '2018-08-03 10:28:22', 1, 7, 1, 5, 2),
(1310, 'JBR2165', 'GG Nyerengset 1', '', '', '0000-00-00', '2018-08-03 10:28:22', 1, 7, 1, 5, 2),
(1311, 'JBR2167', 'Jl Sukamanah', '', '', '0000-00-00', '2018-08-03 10:28:22', 1, 7, 1, 5, 2);

--
-- Indexes for dumped tables
--

--
-- Indexes for table `bast`
--
ALTER TABLE `bast`
  ADD PRIMARY KEY (`BAST_ID`);

--
-- Indexes for table `instalasi`
--
ALTER TABLE `instalasi`
  ADD PRIMARY KEY (`INST_ID`);

--
-- Indexes for table `level`
--
ALTER TABLE `level`
  ADD PRIMARY KEY (`LEVE_ID`);

--
-- Indexes for table `mitra`
--
ALTER TABLE `mitra`
  ADD PRIMARY KEY (`MTRA_ID`);

--
-- Indexes for table `pegawai`
--
ALTER TABLE `pegawai`
  ADD PRIMARY KEY (`PEGA_ID`);

--
-- Indexes for table `program`
--
ALTER TABLE `program`
  ADD PRIMARY KEY (`PROG_ID`);

--
-- Indexes for table `sp_mitra`
--
ALTER TABLE `sp_mitra`
  ADD PRIMARY KEY (`SPMT_ID`);

--
-- Indexes for table `sp_telkom`
--
ALTER TABLE `sp_telkom`
  ADD PRIMARY KEY (`SPTL_ID`);

--
-- Indexes for table `status`
--
ALTER TABLE `status`
  ADD PRIMARY KEY (`STAT_ID`);

--
-- Indexes for table `status_instalasi`
--
ALTER TABLE `status_instalasi`
  ADD PRIMARY KEY (`STIN_ID`);

--
-- Indexes for table `sub_program`
--
ALTER TABLE `sub_program`
  ADD PRIMARY KEY (`SUPR_ID`);

--
-- Indexes for table `sub_witel`
--
ALTER TABLE `sub_witel`
  ADD PRIMARY KEY (`SWIT_ID`);

--
-- Indexes for table `survey`
--
ALTER TABLE `survey`
  ADD PRIMARY KEY (`SURV_ID`);

--
-- Indexes for table `user`
--
ALTER TABLE `user`
  ADD PRIMARY KEY (`USER_ID`);

--
-- Indexes for table `witel`
--
ALTER TABLE `witel`
  ADD PRIMARY KEY (`WTEL_ID`);

--
-- Indexes for table `work_order`
--
ALTER TABLE `work_order`
  ADD PRIMARY KEY (`WODE_ID`);

--
-- AUTO_INCREMENT for dumped tables
--

--
-- AUTO_INCREMENT for table `bast`
--
ALTER TABLE `bast`
  MODIFY `BAST_ID` int(11) NOT NULL AUTO_INCREMENT;

--
-- AUTO_INCREMENT for table `instalasi`
--
ALTER TABLE `instalasi`
  MODIFY `INST_ID` int(11) NOT NULL AUTO_INCREMENT;

--
-- AUTO_INCREMENT for table `level`
--
ALTER TABLE `level`
  MODIFY `LEVE_ID` int(11) NOT NULL AUTO_INCREMENT, AUTO_INCREMENT=6;

--
-- AUTO_INCREMENT for table `mitra`
--
ALTER TABLE `mitra`
  MODIFY `MTRA_ID` int(11) NOT NULL AUTO_INCREMENT;

--
-- AUTO_INCREMENT for table `pegawai`
--
ALTER TABLE `pegawai`
  MODIFY `PEGA_ID` int(11) NOT NULL AUTO_INCREMENT, AUTO_INCREMENT=225;

--
-- AUTO_INCREMENT for table `program`
--
ALTER TABLE `program`
  MODIFY `PROG_ID` int(11) NOT NULL AUTO_INCREMENT, AUTO_INCREMENT=2;

--
-- AUTO_INCREMENT for table `sp_mitra`
--
ALTER TABLE `sp_mitra`
  MODIFY `SPMT_ID` int(11) NOT NULL AUTO_INCREMENT;

--
-- AUTO_INCREMENT for table `sp_telkom`
--
ALTER TABLE `sp_telkom`
  MODIFY `SPTL_ID` int(11) NOT NULL AUTO_INCREMENT;

--
-- AUTO_INCREMENT for table `status`
--
ALTER TABLE `status`
  MODIFY `STAT_ID` int(11) NOT NULL AUTO_INCREMENT, AUTO_INCREMENT=6;

--
-- AUTO_INCREMENT for table `status_instalasi`
--
ALTER TABLE `status_instalasi`
  MODIFY `STIN_ID` int(11) NOT NULL AUTO_INCREMENT, AUTO_INCREMENT=8;

--
-- AUTO_INCREMENT for table `sub_program`
--
ALTER TABLE `sub_program`
  MODIFY `SUPR_ID` int(11) NOT NULL AUTO_INCREMENT, AUTO_INCREMENT=6;

--
-- AUTO_INCREMENT for table `sub_witel`
--
ALTER TABLE `sub_witel`
  MODIFY `SWIT_ID` int(11) NOT NULL AUTO_INCREMENT, AUTO_INCREMENT=87;

--
-- AUTO_INCREMENT for table `survey`
--
ALTER TABLE `survey`
  MODIFY `SURV_ID` int(11) NOT NULL AUTO_INCREMENT;

--
-- AUTO_INCREMENT for table `user`
--
ALTER TABLE `user`
  MODIFY `USER_ID` int(11) NOT NULL AUTO_INCREMENT, AUTO_INCREMENT=6;

--
-- AUTO_INCREMENT for table `witel`
--
ALTER TABLE `witel`
  MODIFY `WTEL_ID` int(11) NOT NULL AUTO_INCREMENT, AUTO_INCREMENT=7;

--
-- AUTO_INCREMENT for table `work_order`
--
ALTER TABLE `work_order`
  MODIFY `WODE_ID` int(11) NOT NULL AUTO_INCREMENT, AUTO_INCREMENT=1312;
COMMIT;

/*!40101 SET CHARACTER_SET_CLIENT=@OLD_CHARACTER_SET_CLIENT */;
/*!40101 SET CHARACTER_SET_RESULTS=@OLD_CHARACTER_SET_RESULTS */;
/*!40101 SET COLLATION_CONNECTION=@OLD_COLLATION_CONNECTION */;
