-- phpMyAdmin SQL Dump
-- version 4.8.2
-- https://www.phpmyadmin.net/
--
-- Host: 127.0.0.1
-- Generation Time: Jul 30, 2018 at 04:29 AM
-- Server version: 10.1.34-MariaDB
-- PHP Version: 7.2.7

SET SQL_MODE = "NO_AUTO_VALUE_ON_ZERO";
SET AUTOCOMMIT = 0;
START TRANSACTION;
SET time_zone = "+00:00";


/*!40101 SET @OLD_CHARACTER_SET_CLIENT=@@CHARACTER_SET_CLIENT */;
/*!40101 SET @OLD_CHARACTER_SET_RESULTS=@@CHARACTER_SET_RESULTS */;
/*!40101 SET @OLD_COLLATION_CONNECTION=@@COLLATION_CONNECTION */;
/*!40101 SET NAMES utf8mb4 */;

--
-- Database: `db_telacc`
--

-- --------------------------------------------------------

--
-- Table structure for table `bast`
--

CREATE TABLE `bast` (
  `BAST_ID` int(11) NOT NULL,
  `BAST_TANGGAL` date NOT NULL,
  `BAST_NO` int(11) NOT NULL,
  `BAST_TIMESTAMP` timestamp NOT NULL DEFAULT CURRENT_TIMESTAMP ON UPDATE CURRENT_TIMESTAMP,
  `BAST_WODE_ID` int(11) NOT NULL,
  `BAST_INST_ID` int(11) NOT NULL,
  `BAST_SPTL_ID` int(11) NOT NULL
) ENGINE=InnoDB DEFAULT CHARSET=latin1;

-- --------------------------------------------------------

--
-- Table structure for table `instalasi`
--

CREATE TABLE `instalasi` (
  `INST_ID` int(11) NOT NULL,
  `INST_MATERIAL` int(11) NOT NULL,
  `INST_JASA` int(11) NOT NULL,
  `INST_TOTAL` int(11) NOT NULL,
  `INST_ODP` int(11) NOT NULL,
  `INST_PROGRES` text NOT NULL,
  `INST_KENDALA` text NOT NULL,
  `INST_DOKUMENTASI` text NOT NULL,
  `INST_TANGGAL` date NOT NULL,
  `INST_TARGET` date NOT NULL,
  `INST_TIMESTAMP` timestamp NOT NULL DEFAULT CURRENT_TIMESTAMP ON UPDATE CURRENT_TIMESTAMP,
  `INST_WODE_ID` int(11) NOT NULL,
  `INST_MTRA_ID` int(11) NOT NULL,
  `INST_PEGA_ID` int(11) NOT NULL,
  `INST_WTEL_ID` int(11) NOT NULL,
  `INST_SWIT_ID` int(11) NOT NULL,
  `INST_PROG_ID` int(11) NOT NULL
) ENGINE=InnoDB DEFAULT CHARSET=latin1;

--
-- Dumping data for table `instalasi`
--

INSERT INTO `instalasi` (`INST_ID`, `INST_MATERIAL`, `INST_JASA`, `INST_TOTAL`, `INST_ODP`, `INST_PROGRES`, `INST_KENDALA`, `INST_DOKUMENTASI`, `INST_TANGGAL`, `INST_TARGET`, `INST_TIMESTAMP`, `INST_WODE_ID`, `INST_MTRA_ID`, `INST_PEGA_ID`, `INST_WTEL_ID`, `INST_SWIT_ID`, `INST_PROG_ID`) VALUES
(1, 16626725, 2660602, 19287327, 7, '', '', '', '0000-00-00', '0000-00-00', '2018-07-27 03:35:17', 1, 1, 0, 1, 2, 1),
(2, 0, 0, 256394571, 26, '', '', '', '0000-00-00', '0000-00-00', '2018-07-27 03:35:18', 2, 1, 0, 1, 11, 1),
(3, 26158472, 4829479, 30987951, 9, '', '', '', '0000-00-00', '0000-00-00', '2018-07-27 03:35:18', 3, 1, 0, 1, 2, 1),
(4, 18311598, 2653656, 20965254, 2, '', '', '', '0000-00-00', '0000-00-00', '2018-07-27 03:35:18', 4, 1, 0, 1, 2, 1),
(5, 0, 0, 45368748, 2, '', '', '', '0000-00-00', '0000-00-00', '2018-07-27 03:35:18', 5, 1, 0, 1, 2, 1),
(6, 35479508, 5996528, 41476036, 9, '', '', '', '0000-00-00', '0000-00-00', '2018-07-27 03:35:19', 6, 1, 0, 1, 2, 1),
(7, 31120121, 5697078, 36817199, 10, '', '', '', '0000-00-00', '0000-00-00', '2018-07-27 03:35:19', 7, 1, 0, 1, 2, 1),
(8, 40801031, 10041154, 50842185, 7, '', '', '', '0000-00-00', '0000-00-00', '2018-07-27 03:35:19', 8, 1, 0, 1, 2, 1),
(9, 0, 0, 49196409, 8, '', '', '', '0000-00-00', '0000-00-00', '2018-07-27 03:35:20', 9, 1, 0, 1, 2, 1),
(10, 36203016, 9252184, 45455200, 7, '', '', '', '0000-00-00', '0000-00-00', '2018-07-27 03:35:20', 10, 1, 0, 1, 2, 1),
(11, 78347607, 38205732, 116553339, 11, '', '', '', '0000-00-00', '0000-00-00', '2018-07-27 03:35:20', 11, 1, 0, 1, 4, 1),
(12, 28188397, 5263858, 33452255, 10, '', '', '', '0000-00-00', '0000-00-00', '2018-07-27 03:35:20', 12, 1, 0, 1, 3, 1),
(13, 59786750, 12025786, 71812536, 19, '', '', '', '0000-00-00', '0000-00-00', '2018-07-27 03:35:20', 13, 1, 0, 1, 2, 1),
(14, 0, 0, 20393692, 1, '', '', '', '0000-00-00', '0000-00-00', '2018-07-27 03:35:20', 14, 1, 0, 1, 2, 1),
(15, 62183489, 11978053, 74161542, 14, '', '', '', '0000-00-00', '0000-00-00', '2018-07-27 03:35:21', 15, 1, 0, 1, 1, 1),
(16, 34862423, 7333828, 42196251, 10, '', '', '', '0000-00-00', '0000-00-00', '2018-07-27 03:35:21', 16, 1, 0, 1, 10, 1),
(17, 0, 0, 0, 19, '', '', '', '0000-00-00', '0000-00-00', '2018-07-27 03:35:21', 17, 1, 0, 1, 10, 1),
(18, 80548579, 15658155, 96206734, 14, '', '', '', '0000-00-00', '0000-00-00', '2018-07-27 03:35:21', 18, 1, 0, 1, 3, 1),
(19, 60157816, 13388892, 73546708, 7, '', '', '', '0000-00-00', '0000-00-00', '2018-07-27 03:35:21', 19, 1, 0, 1, 5, 1),
(20, 12635649, 3145656, 15781305, 2, '', '', '', '0000-00-00', '0000-00-00', '2018-07-27 03:35:21', 20, 1, 0, 1, 5, 1),
(21, 82375078, 14873360, 97248438, 18, '', '', '', '0000-00-00', '0000-00-00', '2018-07-27 03:35:22', 21, 1, 0, 1, 3, 1),
(22, 0, 0, 297737216, 17, '', '', '', '0000-00-00', '0000-00-00', '2018-07-27 03:35:22', 22, 1, 0, 1, 4, 1),
(23, 0, 0, 265962460, 52, '', '', '', '0000-00-00', '0000-00-00', '2018-07-27 03:35:22', 23, 1, 0, 1, 4, 1),
(24, 0, 0, 59826010, 4, '', '', '', '0000-00-00', '0000-00-00', '2018-07-27 03:35:22', 24, 1, 0, 1, 4, 1),
(25, 0, 0, 58596250, 12, '', '', '', '0000-00-00', '0000-00-00', '2018-07-27 03:35:22', 25, 1, 0, 1, 4, 1),
(26, 0, 0, 121707830, 21, '', '', '', '0000-00-00', '0000-00-00', '2018-07-27 03:35:23', 26, 1, 0, 1, 3, 1),
(27, 0, 0, 728362966, 38, '', '', '', '0000-00-00', '0000-00-00', '2018-07-27 03:35:23', 27, 1, 0, 1, 3, 1),
(28, 0, 0, 501605279, 72, '', '', '', '0000-00-00', '0000-00-00', '2018-07-27 03:35:23', 28, 1, 0, 1, 3, 1),
(29, 0, 0, 46354189, 8, '', '', '', '0000-00-00', '0000-00-00', '2018-07-27 03:35:23', 29, 1, 0, 1, 3, 1),
(30, 0, 0, 44116727, 11, '', '', '', '0000-00-00', '0000-00-00', '2018-07-27 03:35:23', 30, 1, 0, 1, 3, 1),
(31, 0, 0, 75028523, 16, '', '', '', '0000-00-00', '0000-00-00', '2018-07-27 03:35:23', 31, 1, 0, 1, 3, 1),
(32, 0, 0, 12613232, 4, '', '', '', '0000-00-00', '0000-00-00', '2018-07-27 03:35:23', 32, 1, 0, 1, 3, 1),
(33, 0, 0, 213722277, 28, '', '', '', '0000-00-00', '0000-00-00', '2018-07-27 03:35:24', 33, 1, 0, 1, 3, 1),
(34, 264568876, 56785940, 321354816, 40, '', '', '', '0000-00-00', '0000-00-00', '2018-07-27 03:35:24', 34, 1, 0, 1, 3, 1),
(35, 0, 0, 114245960, 26, '', '', '', '0000-00-00', '0000-00-00', '2018-07-27 03:35:24', 35, 1, 0, 1, 3, 1),
(36, 81944650, 15521462, 97466112, 12, '', '', '', '0000-00-00', '0000-00-00', '2018-07-27 03:35:24', 36, 1, 0, 1, 3, 1),
(37, 0, 0, 368624295, 41, '', '', '', '0000-00-00', '0000-00-00', '2018-07-27 03:35:24', 37, 1, 0, 1, 3, 1),
(38, 204360008, 36198457, 240558465, 36, '', '', '', '0000-00-00', '0000-00-00', '2018-07-27 03:35:24', 38, 1, 0, 1, 3, 1),
(39, 0, 0, 77535575, 14, '', '', '', '0000-00-00', '0000-00-00', '2018-07-27 03:35:25', 39, 1, 0, 1, 3, 1),
(40, 0, 0, 80089044, 11, '', '', '', '0000-00-00', '0000-00-00', '2018-07-27 03:35:25', 40, 1, 0, 1, 3, 1),
(41, 0, 0, 123507774, 22, '', '', '', '0000-00-00', '0000-00-00', '2018-07-27 03:35:25', 41, 1, 0, 1, 3, 1),
(42, 96584945, 19629531, 116214476, 23, '', '', '', '0000-00-00', '0000-00-00', '2018-07-27 03:35:25', 42, 1, 0, 1, 3, 1),
(43, 88055445, 18165329, 106220774, 46, '', '', '', '0000-00-00', '0000-00-00', '2018-07-27 03:35:25', 43, 1, 0, 1, 3, 1),
(44, 96272480, 19081512, 115353992, 22, '', '', '', '0000-00-00', '0000-00-00', '2018-07-27 03:35:25', 44, 1, 0, 1, 3, 1),
(45, 0, 0, 60981995, 12, '', '', '', '0000-00-00', '0000-00-00', '2018-07-27 03:35:26', 45, 1, 0, 1, 3, 1),
(46, 0, 0, 77479467, 14, '', '', '', '0000-00-00', '0000-00-00', '2018-07-27 03:35:26', 46, 1, 0, 1, 3, 1),
(47, 0, 0, 41154446, 8, '', '', '', '0000-00-00', '0000-00-00', '2018-07-27 03:35:26', 47, 1, 0, 1, 3, 1),
(48, 27021479, 4839027, 31860506, 4, '', '', '', '0000-00-00', '0000-00-00', '2018-07-27 03:35:26', 48, 1, 0, 1, 3, 1),
(49, 0, 0, 182997384, 12, '', '', '', '0000-00-00', '0000-00-00', '2018-07-27 03:35:26', 49, 1, 0, 1, 2, 1),
(50, 50441643, 8794427, 59236070, 10, '', '', '', '0000-00-00', '0000-00-00', '2018-07-27 03:35:26', 50, 1, 0, 1, 3, 1),
(51, 18876837, 3315363, 22192200, 4, '', '', '', '0000-00-00', '0000-00-00', '2018-07-27 03:35:27', 51, 1, 0, 1, 3, 1),
(52, 62469396, 15857422, 78326818, 5, '', '', '', '0000-00-00', '0000-00-00', '2018-07-27 03:35:27', 52, 1, 0, 1, 4, 1),
(53, 51117542, 10747952, 61865494, 7, '', '', '', '0000-00-00', '0000-00-00', '2018-07-27 03:35:27', 53, 1, 0, 1, 3, 1),
(54, 0, 0, 10967773, 5, '', '', '', '0000-00-00', '0000-00-00', '2018-07-27 03:35:27', 54, 1, 0, 1, 9, 1),
(55, 55283348, 12476912, 67760260, 16, '', '', '', '0000-00-00', '0000-00-00', '2018-07-27 03:35:27', 55, 1, 0, 1, 9, 1),
(56, 324365097, 96941028, 421306125, 12, '', '', '', '0000-00-00', '0000-00-00', '2018-07-27 03:35:27', 56, 1, 0, 1, 12, 1),
(57, 94965666, 51020930, 145986596, 10, '', '', '', '0000-00-00', '0000-00-00', '2018-07-27 03:35:27', 57, 1, 0, 1, 12, 1),
(58, 36967844, 6601918, 43569762, 8, '', '', '', '0000-00-00', '0000-00-00', '2018-07-27 03:35:28', 58, 1, 0, 1, 10, 1),
(59, 37528896, 7740619, 45269515, 2, '', '', '', '0000-00-00', '0000-00-00', '2018-07-27 03:35:28', 59, 1, 0, 1, 10, 1),
(60, 73863546, 16169790, 90033336, 17, '', '', '', '0000-00-00', '0000-00-00', '2018-07-27 03:35:28', 60, 1, 0, 1, 4, 1),
(61, 13385144, 2561479, 15946623, 3, '', '', '', '0000-00-00', '0000-00-00', '2018-07-27 03:35:28', 61, 1, 0, 1, 5, 1),
(62, 78852285, 14763160, 93615445, 18, '', '', '', '0000-00-00', '0000-00-00', '2018-07-27 03:35:28', 62, 1, 0, 1, 11, 1),
(63, 226631362, 75480431, 302111793, 19, '', '', '', '0000-00-00', '0000-00-00', '2018-07-27 03:35:28', 63, 1, 0, 1, 4, 1),
(64, 417980786, 90307496, 508288282, 50, '', '', '', '0000-00-00', '0000-00-00', '2018-07-27 03:35:29', 64, 1, 0, 1, 8, 1),
(65, 0, 0, 276538233, 58, '', '', '', '0000-00-00', '0000-00-00', '2018-07-27 03:35:29', 65, 2, 0, 1, 6, 1),
(66, 84414708, 21791213, 106205921, 13, '', '', '', '0000-00-00', '0000-00-00', '2018-07-27 03:35:29', 66, 2, 0, 1, 6, 1),
(67, 20557008, 5005716, 25562724, 5, '', '', '', '0000-00-00', '0000-00-00', '2018-07-27 03:35:29', 67, 1, 0, 1, 6, 1),
(68, 456496215, 191886745, 648382960, 42, '', '', '', '0000-00-00', '0000-00-00', '2018-07-27 03:35:29', 68, 1, 0, 1, 6, 1),
(69, 0, 0, 34635313, 8, '', '', '', '0000-00-00', '0000-00-00', '2018-07-27 03:35:30', 69, 2, 0, 1, 6, 1),
(70, 0, 0, 99608838, 15, '', '', '', '0000-00-00', '0000-00-00', '2018-07-27 03:35:30', 70, 1, 0, 1, 6, 1),
(71, 51606107, 13795677, 65401784, 4, '', '', '', '0000-00-00', '0000-00-00', '2018-07-27 03:35:30', 71, 1, 0, 1, 6, 1),
(72, 322825004, 64353512, 387178516, 88, '', '', '', '0000-00-00', '0000-00-00', '2018-07-27 03:35:30', 72, 1, 0, 1, 6, 1),
(73, 70887966, 15161303, 86049269, 16, '', '', '', '0000-00-00', '0000-00-00', '2018-07-27 03:35:30', 73, 1, 0, 1, 6, 1),
(74, 72294222, 16179567, 88473789, 23, '', '', '', '0000-00-00', '0000-00-00', '2018-07-27 03:35:30', 75, 1, 0, 1, 1, 1),
(75, 159815377, 33873356, 193688733, 44, '', '', '', '0000-00-00', '0000-00-00', '2018-07-27 03:35:31', 76, 1, 0, 1, 1, 1),
(76, 43130306, 12146110, 55276416, 3, '', '', '', '0000-00-00', '0000-00-00', '2018-07-27 03:35:31', 77, 1, 0, 1, 1, 1),
(77, 83597750, 23053018, 106650768, 3, '', '', '', '0000-00-00', '0000-00-00', '2018-07-27 03:35:31', 78, 1, 0, 1, 5, 1),
(78, 28619111, 6769566, 35388677, 1, '', '', '', '0000-00-00', '0000-00-00', '2018-07-27 03:35:31', 79, 1, 0, 1, 2, 1),
(79, 21756233, 4307423, 26063656, 7, '', '', '', '0000-00-00', '0000-00-00', '2018-07-27 03:35:31', 80, 1, 0, 1, 1, 1),
(80, 0, 0, 136535370, 22, '', '', '', '0000-00-00', '0000-00-00', '2018-07-27 03:35:31', 81, 1, 0, 1, 3, 1),
(81, 194780611, 39181750, 233962361, 37, '', '', '', '0000-00-00', '0000-00-00', '2018-07-27 03:35:32', 83, 1, 0, 1, 11, 1),
(82, 0, 0, 85358498, 14, '', '', '', '0000-00-00', '0000-00-00', '2018-07-27 03:35:32', 84, 1, 0, 1, 3, 1),
(83, 0, 0, 85235869, 15, '', '', '', '0000-00-00', '0000-00-00', '2018-07-27 03:35:32', 85, 1, 0, 1, 3, 1),
(84, 12927911, 2223306, 15151217, 5, '', '', '', '0000-00-00', '0000-00-00', '2018-07-27 03:35:32', 86, 1, 0, 1, 1, 1),
(85, 37803157, 6499627, 44302784, 13, '', '', '', '0000-00-00', '0000-00-00', '2018-07-27 03:35:33', 87, 1, 0, 1, 1, 1),
(86, 25030676, 4517517, 29548193, 6, '', '', '', '0000-00-00', '0000-00-00', '2018-07-27 03:35:33', 88, 1, 0, 1, 5, 1),
(87, 2109192420, 781931561, 2147483647, 163, '', '', '', '0000-00-00', '0000-00-00', '2018-07-27 03:35:33', 89, 1, 0, 1, 5, 1),
(88, 256851402, 45373308, 302224710, 22, '', '', '', '0000-00-00', '0000-00-00', '2018-07-27 03:35:33', 90, 1, 0, 1, 5, 1),
(89, 8496386, 1587281, 10083667, 1, '', '', '', '0000-00-00', '0000-00-00', '2018-07-27 03:35:33', 92, 1, 0, 1, 1, 1),
(90, 21692472, 4208574, 25901046, 5, '', '', '', '0000-00-00', '0000-00-00', '2018-07-27 03:35:33', 93, 1, 0, 1, 5, 1),
(91, 26839061, 5786755, 32625816, 8, '', '', '', '0000-00-00', '0000-00-00', '2018-07-27 03:35:33', 94, 1, 0, 1, 1, 2),
(92, 39332040, 8459886, 47791926, 6, '', '', '', '0000-00-00', '0000-00-00', '2018-07-27 03:35:34', 95, 1, 0, 1, 1, 2),
(93, 20028541, 3507023, 23535564, 5, '', '', '', '0000-00-00', '0000-00-00', '2018-07-27 03:35:34', 96, 1, 0, 1, 1, 2),
(94, 36568040, 8099408, 44667448, 6, '', '', '', '0000-00-00', '0000-00-00', '2018-07-27 03:35:34', 97, 1, 0, 1, 1, 2),
(95, 101856298, 25125235, 126981533, 14, '', '', '', '0000-00-00', '0000-00-00', '2018-07-27 03:35:34', 98, 1, 0, 1, 1, 2),
(96, 41079200, 7140593, 48219793, 8, '', '', '', '0000-00-00', '0000-00-00', '2018-07-27 03:35:34', 99, 1, 0, 1, 1, 2),
(97, 36983432, 8428342, 45411774, 6, '', '', '', '0000-00-00', '0000-00-00', '2018-07-27 03:35:34', 100, 1, 0, 1, 1, 2),
(98, 36885488, 8912203, 45797691, 7, '', '', '', '0000-00-00', '0000-00-00', '2018-07-27 03:35:34', 101, 1, 0, 1, 3, 2),
(99, 68906951, 12945051, 81852002, 14, '', '', '', '0000-00-00', '0000-00-00', '2018-07-27 03:35:35', 102, 1, 0, 1, 2, 2),
(100, 214837503, 45222955, 260060458, 15, '', '', '', '0000-00-00', '0000-00-00', '2018-07-27 03:35:35', 103, 1, 0, 1, 11, 2),
(101, 46928994, 10427580, 57356574, 7, '', '', '', '0000-00-00', '0000-00-00', '2018-07-27 03:35:35', 104, 1, 0, 1, 3, 2),
(102, 34575991, 7725865, 42301856, 3, '', '', '', '0000-00-00', '0000-00-00', '2018-07-27 03:35:35', 105, 1, 0, 1, 12, 2),
(103, 27461045, 6826492, 34287537, 4, '', '', '', '0000-00-00', '0000-00-00', '2018-07-27 03:35:35', 106, 1, 0, 1, 8, 2),
(104, 33743518, 6678992, 40422510, 4, '', '', '', '0000-00-00', '0000-00-00', '2018-07-27 03:35:35', 107, 1, 0, 1, 12, 2),
(105, 25335915, 4063105, 29399020, 7, '', '', '', '0000-00-00', '0000-00-00', '2018-07-27 03:35:36', 109, 1, 0, 1, 1, 2),
(106, 51551383, 12014899, 63566282, 2, '', '', '', '0000-00-00', '0000-00-00', '2018-07-27 03:35:36', 110, 1, 0, 1, 12, 2),
(107, 207382881, 41473985, 248856866, 34, '', '', '', '0000-00-00', '0000-00-00', '2018-07-27 03:35:36', 111, 1, 0, 1, 3, 2),
(108, 57399995, 10741328, 68141323, 10, '', '', '', '0000-00-00', '0000-00-00', '2018-07-27 03:35:36', 112, 1, 0, 1, 3, 2),
(109, 12470598, 2120922, 14591520, 3, '', '', '', '0000-00-00', '0000-00-00', '2018-07-27 03:35:36', 113, 1, 0, 1, 3, 2),
(110, 101895996, 22412125, 124308121, 22, '', '', '', '0000-00-00', '0000-00-00', '2018-07-27 03:35:37', 114, 1, 0, 1, 3, 2),
(111, 213536054, 39632814, 253168868, 30, '', '', '', '0000-00-00', '0000-00-00', '2018-07-27 03:35:37', 116, 1, 0, 1, 3, 2),
(112, 56966149, 14028079, 70994228, 6, '', '', '', '0000-00-00', '0000-00-00', '2018-07-27 03:35:37', 117, 1, 0, 1, 3, 2),
(113, 35052670, 8117634, 43170304, 9, '', '', '', '0000-00-00', '0000-00-00', '2018-07-27 03:35:37', 118, 1, 0, 1, 3, 2),
(114, 19974954, 4746103, 24721057, 6, '', '', '', '0000-00-00', '0000-00-00', '2018-07-27 03:35:37', 119, 1, 0, 1, 11, 2),
(115, 575159846, 131764137, 706923983, 5, '', '', '', '0000-00-00', '0000-00-00', '2018-07-27 03:35:37', 120, 1, 0, 1, 12, 2),
(116, 8816616, 5526623, 14343239, 3, '', '', '', '0000-00-00', '0000-00-00', '2018-07-27 03:35:38', 122, 1, 0, 1, 11, 2),
(117, 39810514, 6874490, 46685004, 6, '', '', '', '0000-00-00', '0000-00-00', '2018-07-27 03:35:38', 123, 1, 0, 1, 11, 2),
(118, 54052347, 12547085, 66599432, 9, '', '', '', '0000-00-00', '0000-00-00', '2018-07-27 03:35:38', 124, 1, 0, 1, 1, 2),
(119, 108531489, 26805663, 135337152, 3, '', '', '', '0000-00-00', '0000-00-00', '2018-07-27 03:35:38', 125, 1, 0, 1, 8, 2),
(120, 246353444, 74537866, 320891310, 39, '', '', '', '0000-00-00', '0000-00-00', '2018-07-27 03:35:38', 126, 1, 0, 1, 9, 2),
(121, 36114853, 8086202, 44201055, 11, '', '', '', '0000-00-00', '0000-00-00', '2018-07-27 03:35:38', 127, 1, 0, 1, 3, 2),
(122, 0, 0, 159572438, 21, '', '', '', '0000-00-00', '0000-00-00', '2018-07-27 03:35:39', 128, 1, 0, 1, 11, 2),
(123, 23795206, 4933139, 28728345, 8, '', '', '', '0000-00-00', '0000-00-00', '2018-07-27 03:35:39', 129, 1, 0, 1, 4, 2),
(124, 521262362, 211987638, 733250000, 52, '', '', '', '0000-00-00', '0000-00-00', '2018-07-27 03:35:39', 130, 1, 0, 1, 2, 2),
(125, 68709592, 14880652, 83590244, 19, '', '', '', '0000-00-00', '0000-00-00', '2018-07-27 03:35:39', 131, 1, 0, 1, 9, 2),
(126, 156886547, 57552134, 214438681, 9, '', '', '', '0000-00-00', '0000-00-00', '2018-07-27 03:35:39', 132, 1, 0, 1, 12, 2),
(127, 56266883, 11398473, 67665356, 21, '', '', '', '0000-00-00', '0000-00-00', '2018-07-27 03:35:39', 133, 1, 0, 1, 3, 2),
(128, 550560918, 80385007, 630945925, 38, '', '', '', '0000-00-00', '0000-00-00', '2018-07-27 03:35:39', 134, 1, 0, 1, 3, 2),
(129, 0, 0, 41121847, 3, '', '', '', '0000-00-00', '0000-00-00', '2018-07-27 03:35:40', 135, 1, 0, 1, 12, 2),
(130, 631163658, 250722564, 881886222, 39, '', '', '', '0000-00-00', '0000-00-00', '2018-07-27 03:35:40', 136, 1, 0, 3, 30, 1),
(131, 36906833, 8852229, 45759062, 3, '', '', '', '0000-00-00', '0000-00-00', '2018-07-27 03:35:40', 137, 1, 0, 3, 27, 1),
(132, 0, 0, 52870347, 7, '', '', '', '0000-00-00', '0000-00-00', '2018-07-27 03:35:40', 138, 1, 0, 3, 22, 1),
(133, 4054997, 463505, 4518502, 2, '', '', '', '0000-00-00', '0000-00-00', '2018-07-27 03:35:40', 139, 1, 0, 3, 27, 1),
(134, 22594213, 4774223, 27368436, 5, '', '', '', '0000-00-00', '0000-00-00', '2018-07-27 03:35:41', 140, 1, 0, 3, 15, 1),
(135, 14197975, 3019800, 17217775, 4, '', '', '', '0000-00-00', '0000-00-00', '2018-07-27 03:35:41', 141, 1, 0, 3, 15, 1),
(136, 24965947, 6076619, 31042566, 3, '', '', '', '0000-00-00', '0000-00-00', '2018-07-27 03:35:41', 142, 1, 0, 3, 27, 1),
(137, 47891148, 12203211, 60094359, 8, '', '', '', '0000-00-00', '0000-00-00', '2018-07-27 03:35:41', 143, 1, 0, 3, 27, 1),
(138, 32150871, 7411229, 39562100, 7, '', '', '', '0000-00-00', '0000-00-00', '2018-07-27 03:35:41', 144, 1, 0, 3, 27, 1),
(139, 32973290, 7862612, 40835902, 6, '', '', '', '0000-00-00', '0000-00-00', '2018-07-27 03:35:41', 145, 1, 0, 3, 27, 1),
(140, 7666534, 1278650, 8945184, 3, '', '', '', '0000-00-00', '0000-00-00', '2018-07-27 03:35:42', 146, 1, 0, 3, 27, 1),
(141, 12844819, 3092754, 15937573, 2, '', '', '', '0000-00-00', '0000-00-00', '2018-07-27 03:35:42', 147, 1, 0, 3, 27, 1),
(142, 227505407, 154151287, 381656694, 3, '', '', '', '0000-00-00', '0000-00-00', '2018-07-27 03:35:42', 148, 1, 0, 3, 15, 1),
(143, 60912725, 12299881, 73212606, 6, '', '', '', '0000-00-00', '0000-00-00', '2018-07-27 03:35:42', 149, 1, 0, 3, 15, 1),
(144, 22153875, 5842186, 27996061, 1, '', '', '', '0000-00-00', '0000-00-00', '2018-07-27 03:35:42', 150, 1, 0, 3, 15, 1),
(145, 0, 0, 104560151, 11, '', '', '', '0000-00-00', '0000-00-00', '2018-07-27 03:35:42', 151, 1, 0, 3, 22, 1),
(146, 299364082, 57171099, 356535181, 55, '', '', '', '0000-00-00', '0000-00-00', '2018-07-27 03:35:43', 152, 1, 0, 3, 27, 1),
(147, 44177378, 11280612, 55457990, 6, '', '', '', '0000-00-00', '0000-00-00', '2018-07-27 03:35:43', 153, 1, 0, 3, 24, 1),
(148, 41911703, 8228873, 50140576, 8, '', '', '', '0000-00-00', '0000-00-00', '2018-07-27 03:35:43', 154, 1, 0, 3, 13, 1),
(149, 16916164, 3705487, 20621651, 3, '', '', '', '0000-00-00', '0000-00-00', '2018-07-27 03:35:43', 155, 1, 0, 3, 13, 1),
(150, 0, 0, 276488259, 6, '', '', '', '0000-00-00', '0000-00-00', '2018-07-27 03:35:43', 156, 1, 0, 3, 13, 1),
(151, 0, 0, 112771221, 16, '', '', '', '0000-00-00', '0000-00-00', '2018-07-27 03:35:43', 157, 1, 0, 3, 13, 1),
(152, 334898311, 61655916, 396554227, 54, '', '', '', '0000-00-00', '0000-00-00', '2018-07-27 03:35:43', 158, 1, 0, 3, 13, 1),
(153, 48472075, 11769791, 60241866, 1, '', '', '', '0000-00-00', '0000-00-00', '2018-07-27 03:35:44', 160, 1, 0, 3, 27, 1),
(154, 6197575, 2131646, 8329221, 1, '', '', '', '0000-00-00', '0000-00-00', '2018-07-27 03:35:44', 161, 1, 0, 3, 27, 1),
(155, 294017342, 71242300, 365259642, 15, '', '', '', '0000-00-00', '0000-00-00', '2018-07-27 03:35:44', 162, 1, 0, 3, 13, 2),
(156, 35317626, 7513557, 42831183, 6, '', '', '', '0000-00-00', '0000-00-00', '2018-07-27 03:35:44', 163, 1, 0, 3, 15, 2),
(157, 61115949, 13381881, 74497830, 5, '', '', '', '0000-00-00', '0000-00-00', '2018-07-27 03:35:44', 164, 1, 0, 3, 15, 2),
(158, 70263319, 14680311, 84943630, 10, '', '', '', '0000-00-00', '0000-00-00', '2018-07-27 03:35:45', 165, 1, 0, 3, 27, 2);

-- --------------------------------------------------------

--
-- Table structure for table `level`
--

CREATE TABLE `level` (
  `LEVE_ID` int(11) NOT NULL,
  `LEVE_NAME` varchar(100) NOT NULL
) ENGINE=InnoDB DEFAULT CHARSET=latin1;

--
-- Dumping data for table `level`
--

INSERT INTO `level` (`LEVE_ID`, `LEVE_NAME`) VALUES
(1, 'SUPER USER'),
(2, 'ADMIN WORK ORDER'),
(3, 'ADMIN SURVEY'),
(4, 'ADMIN INSTALASI'),
(5, 'ADMIN BAST');

-- --------------------------------------------------------

--
-- Table structure for table `mitra`
--

CREATE TABLE `mitra` (
  `MTRA_ID` int(11) NOT NULL,
  `MTRA_NAME` varchar(100) NOT NULL
) ENGINE=InnoDB DEFAULT CHARSET=latin1;

--
-- Dumping data for table `mitra`
--

INSERT INTO `mitra` (`MTRA_ID`, `MTRA_NAME`) VALUES
(1, 'TA'),
(2, 'NON TA');

-- --------------------------------------------------------

--
-- Table structure for table `pegawai`
--

CREATE TABLE `pegawai` (
  `PEGA_ID` int(11) NOT NULL,
  `PEGA_NAME` varchar(100) NOT NULL,
  `PEGA_NIK` int(11) NOT NULL,
  `PEGA_PSA` varchar(100) NOT NULL,
  `PEGA_ID_OBJ` varchar(50) NOT NULL,
  `PEGA_WTEL_ID` int(11) NOT NULL
) ENGINE=InnoDB DEFAULT CHARSET=latin1;

--
-- Dumping data for table `pegawai`
--

INSERT INTO `pegawai` (`PEGA_ID`, `PEGA_NAME`, `PEGA_NIK`, `PEGA_PSA`, `PEGA_ID_OBJ`, `PEGA_WTEL_ID`) VALUES
(1, 'SUDO', 1, '1', '1', 1),
(2, 'SIGIT SHALAKO ABDURAJAK', 690293, 'BANDUNG', '\'30030400000000000', 1),
(3, '-', 0, 'BANDUNG', '\'30030400100000000', 1),
(4, 'NURINDRIYAN BINTANG PAMUNGKAS', 925601, 'BANDUNG', '\'30030400101000000', 1),
(5, 'MUHAMMAD RIZAL ALIY ZULFANNIY', 925763, 'BANDUNG', '\'30030400101000100', 1),
(6, 'RAMA RACHMATULLAH', 18820018, 'BANDUNG', '\'30030400101000101', 1),
(7, 'RADEN PANJI PRASETIA WIRAKUSUMAH', 86150029, 'BANDUNG', '\'30030400101000102', 1),
(8, 'KRISNANDA AUDISTRIA SAPUTRA', 17940284, 'BANDUNG', '\'30030400101000103', 1),
(9, 'MULYA SETIA YUDHA', 76160006, 'BANDUNG', '\'30030400200000000', 1),
(10, 'NINA FAUZIAH MUNAWAROH', 18940110, 'BANDUNG', '\'30030400201000100', 1),
(11, '-', 0, 'BANDUNG', '\'30030400201000101', 1),
(12, 'ARIYANA PARDINA', 90154143, 'BANDUNG', '\'30030400201000102', 1),
(13, 'TIKA HILDAYANTI', 94132146, 'BANDUNG', '\'30030400201000103', 1),
(14, 'ULFAH MUTHIA FANI', 18960522, 'BANDUNG', '\'30030400201000104', 1),
(15, 'INDANA SAKINAH', 925772, 'BANDUNG', '\'30030400201000200', 1),
(16, '-', 0, 'BANDUNG', '\'30030400201000201', 1),
(17, 'VALRINNO RIFQIA NOVADEANSYAH', 92154942, 'BANDUNG', '\'30030400201000202', 1),
(18, 'AYU SRI RAHAYU', 97160123, 'TASIKMALAYA', '\'30030400201000203', 2),
(19, 'NOVI ISNANDAR SE', 80180002, 'BANDUNG', '\'30030400300000000', 1),
(20, 'ARFAN RIYADHI AMARULLAH', 955071, 'BANDUNG', '\'30030400301000000', 1),
(21, '-', 0, 'BANDUNG BARAT', '\'30030400301000100', 3),
(22, 'WAWAN SETIAWAN', 18950732, 'BANDUNG', '\'30030400301000101', 1),
(23, 'ALDHI RESTU PUTRA', 95153526, 'BANDUNG', '\'30030400301000102', 1),
(24, 'SEPTIAN INGGIT HERAWAN', 92170417, 'BANDUNG', '\'30030400301000103', 1),
(25, 'HAFID NUGROHO', 99170434, 'BANDUNG', '\'30030400301000104', 1),
(26, 'AHMAD RAMDANI', 95150219, 'BANDUNG BARAT', '\'30030400301000105', 3),
(27, 'REZA SAGARA', 18920196, 'BANDUNG', '\'30030400301000106', 1),
(28, 'GURUH GUMILAR', 95150224, 'BANDUNG', '\'30030400301000107', 1),
(29, 'JERRY SEPTIAN', 18970323, 'BANDUNG', '\'30030400301000108', 1),
(30, 'DAVID MULYANA', 95160282, 'BANDUNG', '\'30030400301000109', 1),
(31, 'STEFANUS DWI KRESNAHADI', 906259, 'BANDUNG', '\'30030400301000200', 1),
(32, 'FAJAR SENJAYA', 96160356, 'BANDUNG', '\'30030400301000201', 1),
(33, 'ARI SAPUTRA', 96150295, 'BANDUNG', '\'30030400301000202', 1),
(34, 'TEDI IRAWAN', 96170527, 'BANDUNG', '\'30030400301000203', 1),
(35, 'WANGSA LUTFI ABDUL GANI', 18990401, 'BANDUNG BARAT', '\'30030400301000204', 3),
(36, 'DEBBY ARDIANSYAH', 97150326, 'BANDUNG BARAT', '\'30030400301000205', 3),
(37, 'ADITYA PRASETYO', 18930383, 'BANDUNG', '\'30030400301000206', 1),
(38, 'NIKI MARTIAN SUHAMSYAH', 95170531, 'BANDUNG', '\'30030400301000207', 1),
(39, 'FAUZI FATUROHMAN', 97157906, 'BANDUNG', '\'30030400301000208', 1),
(40, 'FIKRI SAEFULLOH', 18990136, 'BANDUNG', '\'30030400301000209', 1),
(41, 'FALAQ ALAQ MULUK', 18930320, 'BANDUNG', '\'30030400301000300', 1),
(42, '-', 0, 'BANDUNG', '\'30030400301000301', 1),
(43, 'NURKHOLIS SULFIQIH', 96157909, 'BANDUNG', '\'30030400301000302', 1),
(44, 'HAMDANI KURNIAWAN', 92150200, 'BANDUNG', '\'30030400301000303', 1),
(45, 'ALBERT FERDINAND MONDONG', 99180232, 'BANDUNG BARAT', '\'30030400301000304', 3),
(46, 'HENDRA YANUAR', 94150200, 'BANDUNG', '\'30030400301000305', 1),
(47, 'MUHAMMAD RAFI EL HAKIM', 97150324, 'BANDUNG', '\'30030400301000306', 1),
(48, 'TRAVERTIN SAPUTRA', 18930382, 'BANDUNG', '\'30030400301000307', 1),
(49, 'ARIE ARDIANA HIDAYATULLOH', 95150227, 'BANDUNG', '\'30030400301000308', 1),
(50, 'FAISAL ANUGRAH', 18960619, 'BANDUNG', '\'30030400301000309', 1),
(51, 'JACK PRATAMA', 18940598, 'BANDUNG BARAT', '\'30030400301000310', 3),
(52, 'DANI IBRAHIM', 92150201, 'BANDUNG', '\'30030400301000311', 1),
(53, 'FIKRY NOOR RAMADHAN', 92151510, 'BANDUNG', '\'30030400301000400', 1),
(54, 'RIZKI KOIRUNNISA', 95155272, 'BANDUNG', '\'30030400301000401', 1),
(55, 'RAMDHANI SANUSI', 18960620, 'BANDUNG BARAT', '\'30030400301000402', 3),
(56, 'DINI SUCI ARIANI', 18960622, 'BANDUNG', '\'30030400301000403', 1),
(57, 'LUTHFI RAMADHAN', 92150203, 'BANDUNG BARAT', '\'30030400301000404', 3),
(58, 'OTEP BASKARA', 91150137, 'BANDUNG', '\'30030400301000405', 1),
(59, 'DICKY MOCHAMAD RIZAL', 97150323, 'BANDUNG BARAT', '\'30030400301000406', 3),
(60, 'TOMI SAPUTRA', 18950731, 'BANDUNG', '\'30030400301000407', 1),
(61, 'YULIAN ARYANTI', 17900200, 'BANDUNG', '\'30030400301000408', 1),
(62, 'BETA DWI ANGGARA', 17910226, 'BANDUNG', '\'30030400301000409', 1),
(63, 'RIZAL FADLILLAH IKHSAN', 93151528, 'BANDUNG BARAT', '\'30030400301000410', 3),
(64, 'JUNIAR TRI SYAFITRI', 17870128, 'BANDUNG BARAT', '\'30030400301000411', 3),
(65, 'ALAN SARENA', 18910202, 'BANDUNG', '\'30030400302000100', 1),
(66, 'ANITA PURNAMASARI', 95155068, 'BANDUNG', '\'30030400302000101', 1),
(67, 'HERMANSYAH', 18920270, 'BANDUNG', '\'30030400302000102', 1),
(68, 'RAMBARA HERDINA PUTRA', 97157911, 'BANDUNG', '\'30030400302000103', 1),
(69, 'ROHMAT AHDIYAT', 93150184, 'BANDUNG', '\'30030400302000104', 1),
(70, 'REZKI SYAFRIANTO', 925622, 'BANDUNG', '\'30030400302000200', 1),
(71, 'FARIDHA RAHMAWATI', 91140509, 'BANDUNG', '\'30030400302000201', 1),
(72, 'WILLY RAMADHAN SUGANDI', 18910138, 'BANDUNG', '\'30030400302000202', 1),
(73, 'DEDE ROCHMAT JAYANUDIN', 95151799, 'BANDUNG', '\'30030400302000203', 1),
(74, 'MOCH. TAUFIK AKBAR', 91152372, 'BANDUNG', '\'30030400302000204', 1),
(75, 'AZMY FARHAN', 955154, 'BANDUNG', '\'30030400302000300', 1),
(76, 'ARIEF SETIAWAN', 18920271, 'BANDUNG', '\'30030400302000301', 1),
(77, 'ARIEF HERMAWAN S', 18960521, 'BANDUNG', '\'30030400302000302', 1),
(78, 'ALEX KARMANA', 89151795, 'BANDUNG', '\'30030400302000303', 1),
(79, 'RENDI MUCHAMAD RIZKA', 93151803, 'BANDUNG', '\'30030400302000304', 1),
(80, 'RICKY ARDIANSYAH', 92150202, 'BANDUNG', '\'30030400302000305', 1),
(81, 'EGA LAILATUL QODAR', 89160071, 'BANDUNG', '\'30030400302000306', 1),
(82, 'ANDRI HIDAYATTULOH', 96160438, 'BANDUNG', '\'30030400302000307', 1),
(83, 'ASEP SOLIHIN', 73151796, 'BANDUNG', '\'30030400302000308', 1),
(84, 'BAGUS PERMANA', 92151797, 'BANDUNG', '\'30030400302000309', 1),
(85, 'SIGIT PRIYO PRAYOGO', 17900505, 'BANDUNG', '\'30030400302000400', 1),
(86, 'AHMAD NAASHIRUDDIN', 96157383, 'BANDUNG', '\'30030400302000401', 1),
(87, 'SAEFUL ANWAR', 91151806, 'BANDUNG', '\'30030400302000402', 1),
(88, 'MOCH.RIZAL PRANATA', 95152333, 'BANDUNG', '\'30030400302000403', 1),
(89, 'EGI SEPTIAN', 96157393, 'BANDUNG', '\'30030400302000404', 1),
(90, 'WAHYU KURNIAWAN', 93157430, 'BANDUNG', '\'30030400302000405', 1),
(91, 'RYAN FADLY SUGANDA', 91151805, 'BANDUNG', '\'30030400302000406', 1),
(92, 'HADI PURNAMA', 90152371, 'BANDUNG', '\'30030400302000407', 1),
(93, 'DANE KURNIA PUTRA', 18840033, 'BANDUNG', '\'30030400302000500', 1),
(94, 'ANDRI WIRATMANA', 96159141, 'BANDUNG', '\'30030400302000501', 1),
(95, 'LUKMAN HIDAYATULLOH', 18900154, 'BANDUNG', '\'30030400302000600', 1),
(96, 'HENOCK JUNIOR', 96156187, 'BANDUNG', '\'30030400302000601', 1),
(97, 'GILAR ANDALAS', 93151800, 'BANDUNG', '\'30030400302000602', 1),
(98, 'RIANDANI PUTRA', 95150220, 'BANDUNG', '\'30030400302000603', 1),
(99, 'TRI MAHLIL MUSHTOFA', 94156089, 'BANDUNG', '\'30030400302000604', 1),
(100, 'ROBY ISMAIL ADI PUTRA', 97157424, 'BANDUNG', '\'30030400302000605', 1),
(101, '-', 0, 'CIREBON', '\'30030400400000000', 4),
(102, 'ARDIYANSYAH WAHID GUMELAR', 18960617, 'TASIKMALAYA', '\'30030400401000100', 2),
(103, 'ERIS RUSWANDI', 90154850, 'TASIKMALAYA', '\'30030400401000101', 2),
(104, 'MUHAMMAD YUSUF USTAZJI', 18990495, 'TASIKMALAYA', '\'30030400401000102', 2),
(105, 'SELAMET FIRDAUS', 94157903, 'TASIKMALAYA', '\'30030400401000103', 2),
(106, 'RISKI NURALAM', 96157905, 'TASIKMALAYA', '\'30030400401000104', 2),
(107, 'ADI RAHMAT', 93140333, 'TASIKMALAYA', '\'30030400401000105', 2),
(108, 'UJANG HOER', 95150333, 'TASIKMALAYA', '\'30030400401000106', 2),
(109, 'ANDI RIANA', 97150465, 'TASIKMALAYA', '\'30030400401000107', 2),
(110, 'YUDHA WAHYU FAJAR MUTTAQIN', 90153851, 'TASIKMALAYA', '\'30030400401000108', 2),
(111, 'NUR HOLIQ AZIZ', 92151098, 'TASIKMALAYA', '\'30030400401000200', 2),
(112, 'DEFRYANSYAH AMBARI', 18960598, 'TASIKMALAYA', '\'30030400401000201', 2),
(113, 'RISWANDI SAPUTRA', 96150427, 'TASIKMALAYA', '\'30030400401000202', 2),
(114, 'EDWIN HUSNI MUBAROK', 97150468, 'TASIKMALAYA', '\'30030400401000203', 2),
(115, 'YOGA LUKMAN PRAYOGA', 95150331, 'TASIKMALAYA', '\'30030400401000204', 2),
(116, 'DWI WAHYU SEPTIANA', 95150332, 'TASIKMALAYA', '\'30030400401000205', 2),
(117, 'AJI HARDIANSYAH', 97150467, 'TASIKMALAYA', '\'30030400401000206', 2),
(118, 'ERWIN MEI ALVIAN', 93150295, 'TASIKMALAYA', '\'30030400401000207', 2),
(119, 'YUNIAR BAGAS YUDHA RINDA PRADANA', 97157904, 'TASIKMALAYA', '\'30030400401000208', 2),
(120, 'AGUNG ANDRIANTO', 90151496, 'TASIKMALAYA', '\'30030400401000300', 2),
(121, 'ARIP RAHMATULLOH', 17890183, 'TASIKMALAYA', '\'30030400401000301', 2),
(122, 'HENDRA ADRIANTO SUKMANA', 92151516, 'TASIKMALAYA', '\'30030400401000302', 2),
(123, 'GINGIN WINAJAR', 92150313, 'TASIKMALAYA', '\'30030400401000303', 2),
(124, 'RIYAN RIZKY AMBORO', 916008, 'CIREBON', '\'30030400402000100', 4),
(125, 'ANTON HANANTO', 77153870, 'CIREBON', '\'30030400402000101', 4),
(126, 'M JAMAL', 94150203, 'CIREBON', '\'30030400402000102', 4),
(127, 'M ROKHMAT', 90157914, 'CIREBON', '\'30030400402000103', 4),
(128, 'JANUDIN', 92157912, 'CIREBON', '\'30030400402000104', 4),
(129, 'INDRA', 92157913, 'CIREBON', '\'30030400402000105', 4),
(130, 'WILDAN KOSASIH', 95157915, 'CIREBON', '\'30030400402000106', 4),
(131, 'FIKRI KRESNANDI FAHRULROZI', 93150302, 'CIREBON', '\'30030400402000107', 4),
(132, 'DWI ANGGI RIYANTO', 93155564, 'CIREBON', '\'30030400402000200', 4),
(133, 'MUKTOYIB', 78151677, 'CIREBON', '\'30030400402000201', 4),
(134, 'JAKHIYUL IRFAN', 94155340, 'CIREBON', '\'30030400402000202', 4),
(135, 'KHOFID', 90155404, 'CIREBON', '\'30030400402000203', 4),
(136, 'RISMANTO', 83155447, 'CIREBON', '\'30030400402000204', 4),
(137, 'NUR MUHAMAD RIDWAN', 96155501, 'CIREBON', '\'30030400402000205', 4),
(138, 'ANDRI SUSANTO', 90150179, 'CIREBON', '\'30030400402000206', 4),
(139, 'CASNANTO', 92150315, 'CIREBON', '\'30030400402000207', 4),
(140, 'SUSBANDIAH', 76153099, 'CIREBON', '\'30030400402000300', 4),
(141, 'ANISTI RIANDANNY', 93170474, 'CIREBON', '\'30030400402000301', 4),
(142, 'MUHAMMAD NASUHA', 97150052, 'CIREBON', '\'30030400402000302', 4),
(143, 'SAEFUDIN SETIADI', 91155448, 'CIREBON', '\'30030400402000303', 4),
(144, 'ALWAN AZI SUPYAN ARIFIN', 95153101, 'CIREBON', '\'30030400402000304', 4),
(145, 'TAOFIQ YUSUP', 18810008, 'CIREBON', '\'30030400402000305', 4),
(146, 'NICO HAMMADY FAJRI', 17910232, 'CIREBON', '\'30030400402000400', 4),
(147, 'DADANG KUSNANDAR', 87153113, 'CIREBON', '\'30030400402000401', 4),
(148, 'CECEP MASDI', 92151678, 'CIREBON', '\'30030400402000402', 4),
(149, 'RASTO RANO', 89153426, 'CIREBON', '\'30030400402000403', 4),
(150, 'AZHARY AGUNG KURNIA', 925598, 'TASIKMALAYA', '\'30030400403000000', 2),
(151, 'EDI PIRMANDI', 72155598, 'TASIKMALAYA', '\'30030400403000100', 2),
(152, 'PUNGKY PURNOMO ALISUFI', 76150002, 'TASIKMALAYA', '\'30030400403000101', 2),
(153, 'IMAN ERI PRASETYO', 955066, 'TASIKMALAYA', '\'30030400403000200', 2),
(154, 'RAMDAN JAYADI', 93151555, 'TASIKMALAYA', '\'30030400403000201', 2),
(155, 'ERDO EVRIZO TAMA', 925607, 'CIREBON', '\'30030400404000100', 4),
(156, 'M. BAYU NURJAMAN B', 90160060, 'CIREBON', '\'30030400404000101', 4),
(157, 'AZMI RIFAI', 96153125, 'CIREBON', '\'30030400404000102', 4),
(158, 'WAWAN SETIAWAN', 80158497, 'CIREBON', '\'30030400404000103', 4),
(159, 'NURYAMAN', 85158496, 'CIREBON', '\'30030400404000104', 4),
(160, 'ADHI KUSNUL MAULANA', 18930189, 'CIREBON', '\'30030400404000105', 4),
(161, 'ABDURAHMAN', 795778, 'CIREBON', '\'30030400404000200', 4),
(162, 'MOHAMAD WAWAN IKHWANTO', 17750328, 'CIREBON', '\'30030400404000201', 4),
(163, 'AZHAR RAFSANJANI', 92151681, 'CIREBON', '\'30030400404000202', 4),
(164, 'AJI SUMARSONO', 96160010, 'CIREBON', '\'30030400404000203', 4),
(165, 'R. BUDIMAN', 641814, 'KARAWANG', '\'30030400500000000', 5),
(166, 'UTAMA GYRI WIJAYA', 18910091, 'KARAWANG', '\'30030400501000000', 5),
(167, 'EKO PUTRO PRABOWO', 17890165, 'KARAWANG', '\'30030400501000100', 5),
(168, 'EDWIN PRAMA YUDA', 89150003, 'KARAWANG', '\'30030400501000101', 5),
(169, 'IIM IBRAHIM', 90150022, 'KARAWANG', '\'30030400501000102', 5),
(170, 'GILANG RAMADHAN', 97150327, 'KARAWANG', '\'30030400501000103', 5),
(171, 'AJAT SUDRAJAT', 92150204, 'KARAWANG', '\'30030400501000104', 5),
(172, 'AGUSPURWANTO', 90150117, 'KARAWANG', '\'30030400501000105', 5),
(173, 'AHMAD FAUZI', 96150297, 'KARAWANG', '\'30030400501000106', 5),
(174, 'JUPRI', 91150138, 'KARAWANG', '\'30030400501000107', 5),
(175, 'RAFIQ KHAIRY', 98160171, 'KARAWANG', '\'30030400501000108', 5),
(176, 'HILMANUDIN AJI', 95150001, 'KARAWANG', '\'30030400501000109', 5),
(177, 'DAHLIA', 93153895, 'KARAWANG', '\'30030400501000200', 5),
(178, 'RINI ANDRIANI', 92170059, 'KARAWANG', '\'30030400501000201', 5),
(179, 'FIRMAN AHMAD N.F', 92151511, 'KARAWANG', '\'30030400501000202', 5),
(180, 'ARIO BASKORO YUDA', 93153566, 'KARAWANG', '\'30030400501000203', 5),
(181, 'RIFAI', 93160323, 'KARAWANG', '\'30030400501000204', 5),
(182, 'MUHAMAD TAHLIL RIDLA GUMILANG', 815820, 'SUKABUMI', '\'30030400502000000', 6),
(183, 'EGY BAMBANG SUGILAR', 74151914, 'SUKABUMI', '\'30030400502000100', 6),
(184, 'MUHAMMAD YOGA', 97150079, 'SUKABUMI', '\'30030400502000101', 6),
(185, 'DENI ANDRIA', 94150186, 'SUKABUMI', '\'30030400502000102', 6),
(186, 'FERDY WIDIANSYAH', 90150108, 'SUKABUMI', '\'30030400502000103', 6),
(187, 'R MUHAMMAD BAMBANG GUMILAR', 96157916, 'SUKABUMI', '\'30030400502000104', 6),
(188, 'AGUNG PRATAMA', 93150041, 'SUKABUMI', '\'30030400502000105', 6),
(189, 'M AGUS AKHIRULLAH', 96150079, 'SUKABUMI', '\'30030400502000106', 6),
(190, 'RIAN YUSUF', 91150037, 'SUKABUMI', '\'30030400502000107', 6),
(191, 'ILHAM ANDRIANSYAH', 90150030, 'SUKABUMI', '\'30030400502000108', 6),
(192, 'RINNO HARIYADI', 78150004, 'SUKABUMI', '\'30030400502000109', 6),
(193, 'RIKI JULIANSAH SAPUTRA', 92150188, 'SUKABUMI', '\'30030400502000110', 6),
(194, 'RICHAR ERMAN', 83150007, 'SUKABUMI', '\'30030400502000111', 6),
(195, 'MOCH TAOFIK RAYNALDI', 96150080, 'SUKABUMI', '\'30030400502000112', 6),
(196, 'CECEP YUSUF', 81150002, 'SUKABUMI', '\'30030400502000113', 6),
(197, 'PANJI LARAS', 94150187, 'SUKABUMI', '\'30030400502000114', 6),
(198, 'REKSA WARDANI', 94150188, 'SUKABUMI', '\'30030400502000115', 6),
(199, 'RANDI RIZAL', 86150006, 'SUKABUMI', '\'30030400502000116', 6),
(200, 'YANYAN S SAPUTRA', 82154847, 'SUKABUMI', '\'30030400502000117', 6),
(201, 'HANDI SUHENDAR', 80154846, 'SUKABUMI', '\'30030400502000118', 6),
(202, 'DEDE IRMAN', 89153897, 'SUKABUMI', '\'30030400502000200', 6),
(203, 'WILLIAWANTY PUTRI GUNAWAN', 93151536, 'SUKABUMI', '\'30030400502000201', 6),
(204, 'ACU WAHYUDIN', 18790008, 'SUKABUMI', '\'30030400502000202', 6),
(205, 'YOGA PUTRA PAMUNGKAS', 91160213, 'SUKABUMI', '\'30030400502000203', 6),
(206, 'SANDI IRAWAN', 92160274, 'SUKABUMI', '\'30030400502000204', 6),
(207, 'SUKRIS', 88157426, 'KARAWANG', '\'30030400503000000', 5),
(208, '-', 0, 'KARAWANG', '\'30030400503000100', 5),
(209, 'AULIA FARADILAH SARI', 92170044, 'KARAWANG', '\'30030400503000101', 5),
(210, 'YUZARD BETTAN', 89150002, 'KARAWANG', '\'30030400503000102', 5),
(211, 'GUGUN GUNAWAN', 17890480, 'KARAWANG', '\'30030400503000103', 5),
(212, 'HENDRA PARDOSI', 865885, 'KARAWANG', '\'30030400503000200', 5),
(213, 'BOY PAREVO', 17940281, 'KARAWANG', '\'30030400503000201', 5),
(214, 'LAU ADITYA', 93153065, 'KARAWANG', '\'30030400503000202', 5),
(215, 'AHMAD HARRY WIBOWO', 925614, 'SUKABUMI', '\'30030400504000000', 6),
(216, 'PENGADILAN LUBIS', 18670005, 'SUKABUMI', '\'30030400504000100', 6),
(217, 'DITA SYAFITRI NANDASARI SUPRIADI', 93158188, 'SUKABUMI', '\'30030400504000101', 6),
(218, 'GANIS RICKZA OCTARI', 91170079, 'SUKABUMI', '\'30030400504000102', 6),
(219, 'KURNIA', 69140792, 'SUKABUMI', '\'30030400504000103', 6),
(220, 'KRISMANSYAH', 90150327, 'SUKABUMI', '\'30030400504000104', 6),
(221, 'ROBI ABDURAHMAN', 94150330, 'SUKABUMI', '\'30030400504000105', 6),
(222, 'MUHAMAD ABDUL AZIZ FIRDAUS', 95170111, 'SUKABUMI', '\'30030400504000106', 6),
(223, 'SEPTO SUHARYANTO', 93159502, 'SUKABUMI', '\'30030400504000107', 6),
(224, 'MAMAN UMARA', 78156088, 'SUKABUMI', '\'30030400504000108', 6);

-- --------------------------------------------------------

--
-- Table structure for table `program`
--

CREATE TABLE `program` (
  `PROG_ID` int(11) NOT NULL,
  `PROG_NAME` varchar(100) NOT NULL
) ENGINE=InnoDB DEFAULT CHARSET=latin1;

--
-- Dumping data for table `program`
--

INSERT INTO `program` (`PROG_ID`, `PROG_NAME`) VALUES
(1, 'FTTH CLUSTER MoU I'),
(2, 'FTTH TAMBAHAN');

-- --------------------------------------------------------

--
-- Table structure for table `sp_mitra`
--

CREATE TABLE `sp_mitra` (
  `SPMT_ID` int(11) NOT NULL,
  `SPMT_NO` int(11) NOT NULL,
  `SPMT_ID_PR` int(11) NOT NULL,
  `SPMT_STATUS` varchar(50) NOT NULL,
  `SPMT_MATERIAL` int(11) NOT NULL,
  `SPMT_JASA` int(11) NOT NULL,
  `SPMT_TOTAL` int(11) NOT NULL,
  `SPMT_ODP` int(11) NOT NULL,
  `SPMT_NO_APM` int(11) NOT NULL,
  `SPMT_TIMESTAMP` timestamp NOT NULL DEFAULT CURRENT_TIMESTAMP ON UPDATE CURRENT_TIMESTAMP,
  `SPMT_WODE_ID` int(11) NOT NULL
) ENGINE=InnoDB DEFAULT CHARSET=latin1;

-- --------------------------------------------------------

--
-- Table structure for table `sp_telkom`
--

CREATE TABLE `sp_telkom` (
  `SPTL_ID` int(11) NOT NULL,
  `SPTL_NO` varchar(100) NOT NULL,
  `SPTL_IDP` varchar(100) NOT NULL,
  `SPTL_NO_PO` int(11) NOT NULL,
  `SPTL_TIMESTAMP` timestamp NOT NULL DEFAULT CURRENT_TIMESTAMP ON UPDATE CURRENT_TIMESTAMP,
  `SPTL_SURV_ID` int(11) NOT NULL,
  `SPTL_WODE_ID` int(11) NOT NULL
) ENGINE=InnoDB DEFAULT CHARSET=latin1;

-- --------------------------------------------------------

--
-- Table structure for table `status`
--

CREATE TABLE `status` (
  `STAT_ID` int(11) NOT NULL,
  `STAT_NAME` varchar(100) NOT NULL
) ENGINE=InnoDB DEFAULT CHARSET=latin1;

--
-- Dumping data for table `status`
--

INSERT INTO `status` (`STAT_ID`, `STAT_NAME`) VALUES
(1, 'DROP'),
(2, '-'),
(3, 'GOLIVE'),
(4, 'INSTALASI');

-- --------------------------------------------------------

--
-- Table structure for table `sub_witel`
--

CREATE TABLE `sub_witel` (
  `SWIT_ID` int(11) NOT NULL,
  `SWIT_NAME` varchar(100) NOT NULL,
  `SWIT_WTEL_ID` int(11) NOT NULL
) ENGINE=InnoDB DEFAULT CHARSET=latin1;

--
-- Dumping data for table `sub_witel`
--

INSERT INTO `sub_witel` (`SWIT_ID`, `SWIT_NAME`, `SWIT_WTEL_ID`) VALUES
(1, 'BDK', 1),
(2, 'CCD', 1),
(3, 'CJA', 1),
(4, 'DGO', 1),
(5, 'GGK', 1),
(6, 'HGM', 1),
(7, 'LBG', 1),
(8, 'TAS', 1),
(9, 'TLE', 1),
(10, 'TRG', 1),
(11, 'UBR', 1),
(12, 'SMD', 1),
(13, 'BJA', 3),
(14, 'BTJ', 3),
(15, 'CCL', 3),
(16, 'CKW', 3),
(17, 'CLL', 3),
(18, 'CPT', 3),
(19, 'CSA', 3),
(20, 'CWD', 3),
(21, 'GNH', 3),
(22, 'LEM', 3),
(23, 'MJY', 3),
(24, 'NJG', 3),
(25, 'PCH', 3),
(26, 'PNL', 3),
(27, 'RCK', 3),
(28, 'RJW', 3),
(29, 'SOR', 3),
(30, 'CMI', 3),
(31, 'CBE', 7),
(32, 'CJG', 7),
(33, 'CJR', 7),
(34, 'CKK', 7),
(35, 'SDL', 7),
(36, 'SGA', 7),
(37, 'SKM', 7),
(38, 'TGE', 7),
(39, 'BGL', 7),
(40, 'CBD', 7),
(41, 'CCR', 7),
(42, 'CKB', 7),
(43, 'CMO', 7),
(44, 'JPK', 7),
(45, 'KLU', 7),
(46, 'NLD', 7),
(47, 'PLR', 7),
(48, 'SGN', 7),
(49, 'SKB', 7),
(50, 'BNJ', 8),
(51, 'BJS', 8),
(52, 'CMS', 8),
(53, 'KAW', 8),
(54, 'PAX', 8),
(55, 'CBT', 8),
(56, 'CKJ', 8),
(57, 'CSP', 8),
(58, 'GRU', 8),
(59, 'KDN', 8),
(60, 'LAG', 8),
(61, 'MLB', 8),
(62, 'PMP', 8),
(63, 'WNR', 8),
(64, 'CBL', 8),
(65, 'CIW', 8),
(66, 'KNU', 8),
(67, 'MNJ', 8),
(68, 'RJP', 8),
(69, 'SPA', 8),
(70, 'TSM', 8),
(71, 'AWN', 9),
(72, 'CBN', 9),
(73, 'CKC', 9),
(74, 'CKY', 9),
(75, 'JBN', 9),
(76, 'LOS', 9),
(77, 'PAB', 9),
(78, 'PRD', 9),
(79, 'SDU', 9),
(80, 'BON', 9),
(81, 'HAR', 9),
(82, 'IMY', 9),
(83, 'JTB', 9),
(84, 'KRM', 9),
(85, 'LSR', 9),
(86, 'PTR', 9),
(87, 'CLI', 9),
(88, 'KNG', 9),
(89, 'CKI', 9),
(90, 'JTW', 9),
(91, 'KAD', 9),
(92, 'MJL', 9),
(93, 'RGA', 9),
(94, 'CKP', 10),
(95, 'CLM', 10),
(96, 'CPL', 10),
(97, 'KLI', 10),
(98, 'KRL', 10),
(99, 'KRW', 10),
(100, 'RDK', 10),
(101, 'TLJ', 10),
(102, 'WDS', 10),
(103, 'CBU', 10),
(104, 'JTS', 10),
(105, 'PLD', 10),
(106, 'PWK', 10),
(107, 'CAS', 10),
(108, 'JCG', 10),
(109, 'KIA', 10),
(110, 'PBS', 10),
(111, 'PGD', 10),
(112, 'PMN', 10),
(113, 'SUB', 10),
(114, 'BAY', 11),
(115, 'BJG', 11),
(116, 'BPB', 11),
(117, 'JBE', 11),
(118, 'LBU', 11),
(119, 'LWD', 11),
(120, 'MEN', 11),
(121, 'MLP', 11),
(122, 'PDG', 11),
(123, 'RKS', 11),
(124, 'SKE', 11);

-- --------------------------------------------------------

--
-- Table structure for table `survey`
--

CREATE TABLE `survey` (
  `SURV_ID` int(11) NOT NULL,
  `SURV_MATERIAL` int(11) NOT NULL,
  `SURV_JASA` int(11) NOT NULL,
  `SURV_TOTAL` int(11) NOT NULL,
  `SURV_ODP` int(11) NOT NULL,
  `SURV_TANGGAL` date NOT NULL,
  `SURV_TIMESTAMP` timestamp NOT NULL DEFAULT CURRENT_TIMESTAMP ON UPDATE CURRENT_TIMESTAMP,
  `SURV_WODE_ID` int(11) NOT NULL,
  `SURV_PEGA_ID` int(11) NOT NULL,
  `SURV_WTEL_ID` int(11) NOT NULL,
  `SURV_SWIT_ID` int(11) NOT NULL,
  `SURV_PROG_ID` int(11) NOT NULL
) ENGINE=InnoDB DEFAULT CHARSET=latin1;

--
-- Dumping data for table `survey`
--

INSERT INTO `survey` (`SURV_ID`, `SURV_MATERIAL`, `SURV_JASA`, `SURV_TOTAL`, `SURV_ODP`, `SURV_TANGGAL`, `SURV_TIMESTAMP`, `SURV_WODE_ID`, `SURV_PEGA_ID`, `SURV_WTEL_ID`, `SURV_SWIT_ID`, `SURV_PROG_ID`) VALUES
(1, 16626725, 2660602, 19287327, 7, '0000-00-00', '2018-07-27 03:35:18', 1, 0, 1, 2, 1),
(2, 0, 0, 256394571, 26, '0000-00-00', '2018-07-27 03:35:18', 2, 0, 1, 11, 1),
(3, 26158472, 4829479, 30987951, 9, '0000-00-00', '2018-07-27 03:35:18', 3, 0, 1, 2, 1),
(4, 18311598, 2653656, 20965254, 2, '0000-00-00', '2018-07-27 03:35:18', 4, 0, 1, 2, 1),
(5, 0, 0, 45368748, 2, '0000-00-00', '2018-07-27 03:35:19', 5, 0, 1, 2, 1),
(6, 35479508, 5996528, 41476036, 9, '0000-00-00', '2018-07-27 03:35:19', 6, 0, 1, 2, 1),
(7, 31120121, 5697078, 36817199, 10, '0000-00-00', '2018-07-27 03:35:19', 7, 0, 1, 2, 1),
(8, 40801031, 10041154, 50842185, 7, '0000-00-00', '2018-07-27 03:35:19', 8, 0, 1, 2, 1),
(9, 0, 0, 49196409, 8, '0000-00-00', '2018-07-27 03:35:20', 9, 0, 1, 2, 1),
(10, 36203016, 9252184, 45455200, 7, '0000-00-00', '2018-07-27 03:35:20', 10, 0, 1, 2, 1),
(11, 78347607, 38205732, 116553339, 11, '0000-00-00', '2018-07-27 03:35:20', 11, 0, 1, 4, 1),
(12, 28188397, 5263858, 33452255, 10, '0000-00-00', '2018-07-27 03:35:20', 12, 0, 1, 3, 1),
(13, 59786750, 12025786, 71812536, 19, '0000-00-00', '2018-07-27 03:35:20', 13, 0, 1, 2, 1),
(14, 0, 0, 20393692, 1, '0000-00-00', '2018-07-27 03:35:20', 14, 0, 1, 2, 1),
(15, 62183489, 11978053, 74161542, 14, '0000-00-00', '2018-07-27 03:35:21', 15, 0, 1, 1, 1),
(16, 34862423, 7333828, 42196251, 10, '0000-00-00', '2018-07-27 03:35:21', 16, 0, 1, 10, 1),
(17, 0, 0, 0, 19, '0000-00-00', '2018-07-27 03:35:21', 17, 0, 1, 10, 1),
(18, 80548579, 15658155, 96206734, 14, '0000-00-00', '2018-07-27 03:35:21', 18, 0, 1, 3, 1),
(19, 60157816, 13388892, 73546708, 7, '0000-00-00', '2018-07-27 03:35:21', 19, 0, 1, 5, 1),
(20, 12635649, 3145656, 15781305, 2, '0000-00-00', '2018-07-27 03:35:22', 20, 0, 1, 5, 1),
(21, 82375078, 14873360, 97248438, 18, '0000-00-00', '2018-07-27 03:35:22', 21, 0, 1, 3, 1),
(22, 0, 0, 297737216, 17, '0000-00-00', '2018-07-27 03:35:22', 22, 0, 1, 4, 1),
(23, 0, 0, 265962460, 52, '0000-00-00', '2018-07-27 03:35:22', 23, 0, 1, 4, 1),
(24, 0, 0, 59826010, 4, '0000-00-00', '2018-07-27 03:35:22', 24, 0, 1, 4, 1),
(25, 0, 0, 58596250, 12, '0000-00-00', '2018-07-27 03:35:22', 25, 0, 1, 4, 1),
(26, 0, 0, 121707830, 21, '0000-00-00', '2018-07-27 03:35:23', 26, 0, 1, 3, 1),
(27, 0, 0, 728362966, 38, '0000-00-00', '2018-07-27 03:35:23', 27, 0, 1, 3, 1),
(28, 0, 0, 501605279, 72, '0000-00-00', '2018-07-27 03:35:23', 28, 0, 1, 3, 1),
(29, 0, 0, 46354189, 8, '0000-00-00', '2018-07-27 03:35:23', 29, 0, 1, 3, 1),
(30, 0, 0, 44116727, 11, '0000-00-00', '2018-07-27 03:35:23', 30, 0, 1, 3, 1),
(31, 0, 0, 75028523, 16, '0000-00-00', '2018-07-27 03:35:23', 31, 0, 1, 3, 1),
(32, 0, 0, 12613232, 4, '0000-00-00', '2018-07-27 03:35:24', 32, 0, 1, 3, 1),
(33, 0, 0, 213722277, 28, '0000-00-00', '2018-07-27 03:35:24', 33, 0, 1, 3, 1),
(34, 264568876, 56785940, 321354816, 40, '0000-00-00', '2018-07-27 03:35:24', 34, 0, 1, 3, 1),
(35, 0, 0, 114245960, 26, '0000-00-00', '2018-07-27 03:35:24', 35, 0, 1, 3, 1),
(36, 81944650, 15521462, 97466112, 12, '0000-00-00', '2018-07-27 03:35:24', 36, 0, 1, 3, 1),
(37, 0, 0, 368624295, 41, '0000-00-00', '2018-07-27 03:35:24', 37, 0, 1, 3, 1),
(38, 204360008, 36198457, 240558465, 36, '0000-00-00', '2018-07-27 03:35:24', 38, 0, 1, 3, 1),
(39, 0, 0, 77535575, 14, '0000-00-00', '2018-07-27 03:35:25', 39, 0, 1, 3, 1),
(40, 0, 0, 80089044, 11, '0000-00-00', '2018-07-27 03:35:25', 40, 0, 1, 3, 1),
(41, 0, 0, 123507774, 22, '0000-00-00', '2018-07-27 03:35:25', 41, 0, 1, 3, 1),
(42, 96584945, 19629531, 116214476, 23, '0000-00-00', '2018-07-27 03:35:25', 42, 0, 1, 3, 1),
(43, 88055445, 18165329, 106220774, 46, '0000-00-00', '2018-07-27 03:35:25', 43, 0, 1, 3, 1),
(44, 96272480, 19081512, 115353992, 22, '0000-00-00', '2018-07-27 03:35:26', 44, 0, 1, 3, 1),
(45, 0, 0, 60981995, 12, '0000-00-00', '2018-07-27 03:35:26', 45, 0, 1, 3, 1),
(46, 0, 0, 77479467, 14, '0000-00-00', '2018-07-27 03:35:26', 46, 0, 1, 3, 1),
(47, 0, 0, 41154446, 8, '0000-00-00', '2018-07-27 03:35:26', 47, 0, 1, 3, 1),
(48, 27021479, 4839027, 31860506, 4, '0000-00-00', '2018-07-27 03:35:26', 48, 0, 1, 3, 1),
(49, 0, 0, 182997384, 12, '0000-00-00', '2018-07-27 03:35:26', 49, 0, 1, 2, 1),
(50, 50441643, 8794427, 59236070, 10, '0000-00-00', '2018-07-27 03:35:26', 50, 0, 1, 3, 1),
(51, 18876837, 3315363, 22192200, 4, '0000-00-00', '2018-07-27 03:35:27', 51, 0, 1, 3, 1),
(52, 62469396, 15857422, 78326818, 5, '0000-00-00', '2018-07-27 03:35:27', 52, 0, 1, 4, 1),
(53, 51117542, 10747952, 61865494, 7, '0000-00-00', '2018-07-27 03:35:27', 53, 0, 1, 3, 1),
(54, 0, 0, 10967773, 5, '0000-00-00', '2018-07-27 03:35:27', 54, 0, 1, 9, 1),
(55, 55283348, 12476912, 67760260, 16, '0000-00-00', '2018-07-27 03:35:27', 55, 0, 1, 9, 1),
(56, 324365097, 96941028, 421306125, 12, '0000-00-00', '2018-07-27 03:35:27', 56, 0, 1, 12, 1),
(57, 94965666, 51020930, 145986596, 10, '0000-00-00', '2018-07-27 03:35:28', 57, 0, 1, 12, 1),
(58, 36967844, 6601918, 43569762, 8, '0000-00-00', '2018-07-27 03:35:28', 58, 0, 1, 10, 1),
(59, 37528896, 7740619, 45269515, 2, '0000-00-00', '2018-07-27 03:35:28', 59, 0, 1, 10, 1),
(60, 73863546, 16169790, 90033336, 17, '0000-00-00', '2018-07-27 03:35:28', 60, 0, 1, 4, 1),
(61, 13385144, 2561479, 15946623, 3, '0000-00-00', '2018-07-27 03:35:28', 61, 0, 1, 5, 1),
(62, 78852285, 14763160, 93615445, 18, '0000-00-00', '2018-07-27 03:35:28', 62, 0, 1, 11, 1),
(63, 226631362, 75480431, 302111793, 19, '0000-00-00', '2018-07-27 03:35:28', 63, 0, 1, 4, 1),
(64, 417980786, 90307496, 508288282, 50, '0000-00-00', '2018-07-27 03:35:29', 64, 0, 1, 8, 1),
(65, 0, 0, 276538233, 58, '0000-00-00', '2018-07-27 03:35:29', 65, 0, 1, 6, 1),
(66, 84414708, 21791213, 106205921, 13, '0000-00-00', '2018-07-27 03:35:29', 66, 0, 1, 6, 1),
(67, 20557008, 5005716, 25562724, 5, '0000-00-00', '2018-07-27 03:35:29', 67, 0, 1, 6, 1),
(68, 456496215, 191886745, 648382960, 42, '0000-00-00', '2018-07-27 03:35:29', 68, 0, 1, 6, 1),
(69, 0, 0, 34635313, 8, '0000-00-00', '2018-07-27 03:35:30', 69, 0, 1, 6, 1),
(70, 0, 0, 99608838, 15, '0000-00-00', '2018-07-27 03:35:30', 70, 0, 1, 6, 1),
(71, 51606107, 13795677, 65401784, 4, '0000-00-00', '2018-07-27 03:35:30', 71, 0, 1, 6, 1),
(72, 322825004, 64353512, 387178516, 88, '0000-00-00', '2018-07-27 03:35:30', 72, 0, 1, 6, 1),
(73, 70887966, 15161303, 86049269, 16, '0000-00-00', '2018-07-27 03:35:30', 73, 0, 1, 6, 1),
(74, 72294222, 16179567, 88473789, 23, '0000-00-00', '2018-07-27 03:35:30', 75, 0, 1, 1, 1),
(75, 159815377, 33873356, 193688733, 44, '0000-00-00', '2018-07-27 03:35:31', 76, 0, 1, 1, 1),
(76, 43130306, 12146110, 55276416, 3, '0000-00-00', '2018-07-27 03:35:31', 77, 0, 1, 1, 1),
(77, 83597750, 23053018, 106650768, 3, '0000-00-00', '2018-07-27 03:35:31', 78, 0, 1, 5, 1),
(78, 28619111, 6769566, 35388677, 1, '0000-00-00', '2018-07-27 03:35:31', 79, 0, 1, 2, 1),
(79, 21756233, 4307423, 26063656, 7, '0000-00-00', '2018-07-27 03:35:31', 80, 0, 1, 1, 1),
(80, 0, 0, 136535370, 22, '0000-00-00', '2018-07-27 03:35:32', 81, 0, 1, 3, 1),
(81, 194780611, 39181750, 233962361, 37, '0000-00-00', '2018-07-27 03:35:32', 83, 0, 1, 11, 1),
(82, 0, 0, 85358498, 14, '0000-00-00', '2018-07-27 03:35:32', 84, 0, 1, 3, 1),
(83, 0, 0, 85235869, 15, '0000-00-00', '2018-07-27 03:35:32', 85, 0, 1, 3, 1),
(84, 12927911, 2223306, 15151217, 5, '0000-00-00', '2018-07-27 03:35:32', 86, 0, 1, 1, 1),
(85, 37803157, 6499627, 44302784, 13, '0000-00-00', '2018-07-27 03:35:33', 87, 0, 1, 1, 1),
(86, 25030676, 4517517, 29548193, 6, '0000-00-00', '2018-07-27 03:35:33', 88, 0, 1, 5, 1),
(87, 2109192420, 781931561, 2147483647, 163, '0000-00-00', '2018-07-27 03:35:33', 89, 0, 1, 5, 1),
(88, 256851402, 45373308, 302224710, 22, '0000-00-00', '2018-07-27 03:35:33', 90, 0, 1, 5, 1),
(89, 8496386, 1587281, 10083667, 1, '0000-00-00', '2018-07-27 03:35:33', 92, 0, 1, 1, 1),
(90, 21692472, 4208574, 25901046, 5, '0000-00-00', '2018-07-27 03:35:33', 93, 0, 1, 5, 1),
(91, 26839061, 5786755, 32625816, 8, '0000-00-00', '2018-07-27 03:35:33', 94, 0, 1, 1, 2),
(92, 39332040, 8459886, 47791926, 6, '0000-00-00', '2018-07-27 03:35:34', 95, 0, 1, 1, 2),
(93, 20028541, 3507023, 23535564, 5, '0000-00-00', '2018-07-27 03:35:34', 96, 0, 1, 1, 2),
(94, 36568040, 8099408, 44667448, 6, '0000-00-00', '2018-07-27 03:35:34', 97, 0, 1, 1, 2),
(95, 101856298, 25125235, 126981533, 14, '0000-00-00', '2018-07-27 03:35:34', 98, 0, 1, 1, 2),
(96, 41079200, 7140593, 48219793, 8, '0000-00-00', '2018-07-27 03:35:34', 99, 0, 1, 1, 2),
(97, 36983432, 8428342, 45411774, 6, '0000-00-00', '2018-07-27 03:35:34', 100, 0, 1, 1, 2),
(98, 36885488, 8912203, 45797691, 7, '0000-00-00', '2018-07-27 03:35:35', 101, 0, 1, 3, 2),
(99, 68906951, 12945051, 81852002, 14, '0000-00-00', '2018-07-27 03:35:35', 102, 0, 1, 2, 2),
(100, 214837503, 45222955, 260060458, 15, '0000-00-00', '2018-07-27 03:35:35', 103, 0, 1, 11, 2),
(101, 46928994, 10427580, 57356574, 7, '0000-00-00', '2018-07-27 03:35:35', 104, 0, 1, 3, 2),
(102, 34575991, 7725865, 42301856, 3, '0000-00-00', '2018-07-27 03:35:35', 105, 0, 1, 12, 2),
(103, 27461045, 6826492, 34287537, 4, '0000-00-00', '2018-07-27 03:35:35', 106, 0, 1, 8, 2),
(104, 33743518, 6678992, 40422510, 4, '0000-00-00', '2018-07-27 03:35:36', 107, 0, 1, 12, 2),
(105, 25335915, 4063105, 29399020, 7, '0000-00-00', '2018-07-27 03:35:36', 109, 0, 1, 1, 2),
(106, 51551383, 12014899, 63566282, 2, '0000-00-00', '2018-07-27 03:35:36', 110, 0, 1, 12, 2),
(107, 207382881, 41473985, 248856866, 34, '0000-00-00', '2018-07-27 03:35:36', 111, 0, 1, 3, 2),
(108, 57399995, 10741328, 68141323, 10, '0000-00-00', '2018-07-27 03:35:36', 112, 0, 1, 3, 2),
(109, 12470598, 2120922, 14591520, 3, '0000-00-00', '2018-07-27 03:35:36', 113, 0, 1, 3, 2),
(110, 101895996, 22412125, 124308121, 22, '0000-00-00', '2018-07-27 03:35:37', 114, 0, 1, 3, 2),
(111, 213536054, 39632814, 253168868, 30, '0000-00-00', '2018-07-27 03:35:37', 116, 0, 1, 3, 2),
(112, 56966149, 14028079, 70994228, 6, '0000-00-00', '2018-07-27 03:35:37', 117, 0, 1, 3, 2),
(113, 35052670, 8117634, 43170304, 9, '0000-00-00', '2018-07-27 03:35:37', 118, 0, 1, 3, 2),
(114, 19974954, 4746103, 24721057, 6, '0000-00-00', '2018-07-27 03:35:37', 119, 0, 1, 11, 2),
(115, 575159846, 131764137, 706923983, 5, '0000-00-00', '2018-07-27 03:35:37', 120, 0, 1, 12, 2),
(116, 8816616, 5526623, 14343239, 3, '0000-00-00', '2018-07-27 03:35:38', 122, 0, 1, 11, 2),
(117, 39810514, 6874490, 46685004, 6, '0000-00-00', '2018-07-27 03:35:38', 123, 0, 1, 11, 2),
(118, 54052347, 12547085, 66599432, 9, '0000-00-00', '2018-07-27 03:35:38', 124, 0, 1, 1, 2),
(119, 108531489, 26805663, 135337152, 3, '0000-00-00', '2018-07-27 03:35:38', 125, 0, 1, 8, 2),
(120, 246353444, 74537866, 320891310, 39, '0000-00-00', '2018-07-27 03:35:38', 126, 0, 1, 9, 2),
(121, 36114853, 8086202, 44201055, 11, '0000-00-00', '2018-07-27 03:35:38', 127, 0, 1, 3, 2),
(122, 0, 0, 159572438, 21, '0000-00-00', '2018-07-27 03:35:39', 128, 0, 1, 11, 2),
(123, 23795206, 4933139, 28728345, 8, '0000-00-00', '2018-07-27 03:35:39', 129, 0, 1, 4, 2),
(124, 521262362, 211987638, 733250000, 52, '0000-00-00', '2018-07-27 03:35:39', 130, 0, 1, 2, 2),
(125, 68709592, 14880652, 83590244, 19, '0000-00-00', '2018-07-27 03:35:39', 131, 0, 1, 9, 2),
(126, 156886547, 57552134, 214438681, 9, '0000-00-00', '2018-07-27 03:35:39', 132, 0, 1, 12, 2),
(127, 56266883, 11398473, 67665356, 21, '0000-00-00', '2018-07-27 03:35:39', 133, 0, 1, 3, 2),
(128, 550560918, 80385007, 630945925, 38, '0000-00-00', '2018-07-27 03:35:40', 134, 0, 1, 3, 2),
(129, 0, 0, 41121847, 3, '0000-00-00', '2018-07-27 03:35:40', 135, 0, 1, 12, 2),
(130, 631163658, 250722564, 881886222, 39, '0000-00-00', '2018-07-27 03:35:40', 136, 0, 3, 30, 1),
(131, 36906833, 8852229, 45759062, 3, '0000-00-00', '2018-07-27 03:35:40', 137, 0, 3, 27, 1),
(132, 0, 0, 52870347, 7, '0000-00-00', '2018-07-27 03:35:40', 138, 0, 3, 22, 1),
(133, 4054997, 463505, 4518502, 2, '0000-00-00', '2018-07-27 03:35:40', 139, 0, 3, 27, 1),
(134, 22594213, 4774223, 27368436, 5, '0000-00-00', '2018-07-27 03:35:41', 140, 0, 3, 15, 1),
(135, 14197975, 3019800, 17217775, 4, '0000-00-00', '2018-07-27 03:35:41', 141, 0, 3, 15, 1),
(136, 24965947, 6076619, 31042566, 3, '0000-00-00', '2018-07-27 03:35:41', 142, 0, 3, 27, 1),
(137, 47891148, 12203211, 60094359, 8, '0000-00-00', '2018-07-27 03:35:41', 143, 0, 3, 27, 1),
(138, 32150871, 7411229, 39562100, 7, '0000-00-00', '2018-07-27 03:35:41', 144, 0, 3, 27, 1),
(139, 32973290, 7862612, 40835902, 6, '0000-00-00', '2018-07-27 03:35:41', 145, 0, 3, 27, 1),
(140, 7666534, 1278650, 8945184, 3, '0000-00-00', '2018-07-27 03:35:42', 146, 0, 3, 27, 1),
(141, 12844819, 3092754, 15937573, 2, '0000-00-00', '2018-07-27 03:35:42', 147, 0, 3, 27, 1),
(142, 227505407, 154151287, 381656694, 3, '0000-00-00', '2018-07-27 03:35:42', 148, 0, 3, 15, 1),
(143, 60912725, 12299881, 73212606, 6, '0000-00-00', '2018-07-27 03:35:42', 149, 0, 3, 15, 1),
(144, 22153875, 5842186, 27996061, 1, '0000-00-00', '2018-07-27 03:35:42', 150, 0, 3, 15, 1),
(145, 0, 0, 104560151, 11, '0000-00-00', '2018-07-27 03:35:42', 151, 0, 3, 22, 1),
(146, 299364082, 57171099, 356535181, 55, '0000-00-00', '2018-07-27 03:35:43', 152, 0, 3, 27, 1),
(147, 44177378, 11280612, 55457990, 6, '0000-00-00', '2018-07-27 03:35:43', 153, 0, 3, 24, 1),
(148, 41911703, 8228873, 50140576, 8, '0000-00-00', '2018-07-27 03:35:43', 154, 0, 3, 13, 1),
(149, 16916164, 3705487, 20621651, 3, '0000-00-00', '2018-07-27 03:35:43', 155, 0, 3, 13, 1),
(150, 0, 0, 276488259, 6, '0000-00-00', '2018-07-27 03:35:43', 156, 0, 3, 13, 1),
(151, 0, 0, 112771221, 16, '0000-00-00', '2018-07-27 03:35:43', 157, 0, 3, 13, 1),
(152, 334898311, 61655916, 396554227, 54, '0000-00-00', '2018-07-27 03:35:44', 158, 0, 3, 13, 1),
(153, 48472075, 11769791, 60241866, 1, '0000-00-00', '2018-07-27 03:35:44', 160, 0, 3, 27, 1),
(154, 6197575, 2131646, 8329221, 1, '0000-00-00', '2018-07-27 03:35:44', 161, 0, 3, 27, 1),
(155, 294017342, 71242300, 365259642, 15, '0000-00-00', '2018-07-27 03:35:44', 162, 0, 3, 13, 2),
(156, 35317626, 7513557, 42831183, 6, '0000-00-00', '2018-07-27 03:35:44', 163, 0, 3, 15, 2),
(157, 61115949, 13381881, 74497830, 5, '0000-00-00', '2018-07-27 03:35:44', 164, 0, 3, 15, 2),
(158, 70263319, 14680311, 84943630, 10, '0000-00-00', '2018-07-27 03:35:45', 165, 0, 3, 27, 2);

-- --------------------------------------------------------

--
-- Table structure for table `user`
--

CREATE TABLE `user` (
  `USER_ID` int(11) NOT NULL,
  `USER_NAME` varchar(50) NOT NULL,
  `USER_PASSWORD` varchar(50) NOT NULL,
  `USER_PICTURE` text NOT NULL,
  `USER_TIMESTAMP` timestamp NOT NULL DEFAULT CURRENT_TIMESTAMP ON UPDATE CURRENT_TIMESTAMP,
  `USER_LEVE_ID` int(11) NOT NULL,
  `USER_PEGA_ID` int(11) NOT NULL
) ENGINE=InnoDB DEFAULT CHARSET=latin1;

--
-- Dumping data for table `user`
--

INSERT INTO `user` (`USER_ID`, `USER_NAME`, `USER_PASSWORD`, `USER_PICTURE`, `USER_TIMESTAMP`, `USER_LEVE_ID`, `USER_PEGA_ID`) VALUES
(1, 'SUDO', '28a4437b86f15b3e4204252dd75327fe', '-', '2018-07-17 01:23:23', 1, 1);

-- --------------------------------------------------------

--
-- Table structure for table `witel`
--

CREATE TABLE `witel` (
  `WTEL_ID` int(11) NOT NULL,
  `WTEL_NAME` varchar(100) NOT NULL
) ENGINE=InnoDB DEFAULT CHARSET=latin1;

--
-- Dumping data for table `witel`
--

INSERT INTO `witel` (`WTEL_ID`, `WTEL_NAME`) VALUES
(1, 'BANDUNG'),
(2, 'TASIKMALAYA'),
(3, 'BANDUNG BARAT'),
(4, 'CIREBON'),
(5, 'KARAWANG'),
(6, 'SUKABUMI'),
(7, 'JABAR SELATAN'),
(8, 'JABAR TIMSEL'),
(9, 'JABAR TIMUR'),
(10, 'JABAR UTARA'),
(11, 'NYASAR');

-- --------------------------------------------------------

--
-- Table structure for table `work_order`
--

CREATE TABLE `work_order` (
  `WODE_ID` int(11) NOT NULL,
  `WODE_ID_TA` char(11) NOT NULL,
  `WODE_NAMA_LOKASI` text NOT NULL,
  `WODE_KOORDINAT` text NOT NULL,
  `WODE_ALAMAT` text NOT NULL,
  `WODE_TANGGAL` date NOT NULL,
  `WODE_TIMESTAMP` timestamp NOT NULL DEFAULT CURRENT_TIMESTAMP ON UPDATE CURRENT_TIMESTAMP,
  `WODE_WTEL_ID` int(11) NOT NULL,
  `WODE_SWIT_ID` int(11) NOT NULL,
  `WODE_PROG_ID` int(11) NOT NULL,
  `WODE_STAT_ID` int(11) NOT NULL
) ENGINE=InnoDB DEFAULT CHARSET=latin1;

--
-- Dumping data for table `work_order`
--

INSERT INTO `work_order` (`WODE_ID`, `WODE_ID_TA`, `WODE_NAMA_LOKASI`, `WODE_KOORDINAT`, `WODE_ALAMAT`, `WODE_TANGGAL`, `WODE_TIMESTAMP`, `WODE_WTEL_ID`, `WODE_SWIT_ID`, `WODE_PROG_ID`, `WODE_STAT_ID`) VALUES
(1, 'JBR25', 'BCV 1 (SILVERSTONE)', '', '', '0000-00-00', '2018-07-27 03:35:17', 1, 2, 1, 1),
(2, 'JBR173', 'BCV TAHAP II', '', '', '0000-00-00', '2018-07-27 03:35:18', 1, 11, 1, 2),
(3, 'JBR22', 'CLUSTER BABAKAN SARI', '', '', '0000-00-00', '2018-07-27 03:35:18', 1, 2, 1, 3),
(4, 'JBR24', 'CLUSTER BUMI ASRI PADASUKA', '', '', '0000-00-00', '2018-07-27 03:35:18', 1, 2, 1, 3),
(5, 'JBR18', 'CLUSTER D\'LAVENDER', '', '', '0000-00-00', '2018-07-27 03:35:18', 1, 2, 1, 2),
(6, 'JBR19', 'CLUSTER KACAPIRING', '', '', '0000-00-00', '2018-07-27 03:35:19', 1, 2, 1, 3),
(7, 'JBR20', 'CLUSTER KALIJATI INDAH', '', '', '0000-00-00', '2018-07-27 03:35:19', 1, 2, 1, 3),
(8, 'JBR15', 'CLUSTER MUARARAJEUN', '', '', '0000-00-00', '2018-07-27 03:35:19', 1, 2, 1, 3),
(9, 'JBR16', 'CLUSTER VILLA ASRI', '', '', '0000-00-00', '2018-07-27 03:35:19', 1, 2, 1, 2),
(10, 'JBR17', 'THE MANSION ANTAPANI', '', '', '0000-00-00', '2018-07-27 03:35:20', 1, 2, 1, 3),
(11, 'JBR84', 'Alam Kanayakan', '', '', '0000-00-00', '2018-07-27 03:35:20', 1, 4, 1, 3),
(12, 'JBR68', 'Alam Raya', '', '', '0000-00-00', '2018-07-27 03:35:20', 1, 3, 1, 3),
(13, 'JBR14', 'ANI FAN/LBG FDCKomp. Sucore, Suci Residence', '', '', '0000-00-00', '2018-07-27 03:35:20', 1, 2, 1, 3),
(14, 'JBR27', 'CCD FABKomp City Garden', '', '', '0000-00-00', '2018-07-27 03:35:20', 1, 2, 1, 2),
(15, 'JBR07', 'Cemara Regency Cicukang', '', '', '0000-00-00', '2018-07-27 03:35:21', 1, 1, 1, 3),
(16, 'JBR165', 'Cidurian', '', '', '0000-00-00', '2018-07-27 03:35:21', 1, 10, 1, 3),
(17, 'JBR166', 'CINTA ASIH', '', '', '0000-00-00', '2018-07-27 03:35:21', 1, 10, 1, 3),
(18, 'JBR66', 'CIPAMOKOLAN', '', '', '0000-00-00', '2018-07-27 03:35:21', 1, 3, 1, 3),
(19, 'JBR101', 'Cipedes Atas', '', '', '0000-00-00', '2018-07-27 03:35:21', 1, 5, 1, 3),
(20, 'JBR106', 'Cluster Bella Casa', '', '', '0000-00-00', '2018-07-27 03:35:21', 1, 5, 1, 1),
(21, 'JBR58', 'Derwati Mas Jl Derwati', '', '', '0000-00-00', '2018-07-27 03:35:22', 1, 3, 1, 1),
(22, 'JBR95', 'DGO FAK/FBE/FAH Jl.Hasanudin, Kyai Gede utama, Pager Gunung, Kyai Luhur', '', '', '0000-00-00', '2018-07-27 03:35:22', 1, 4, 1, 2),
(23, 'JBR83', 'DGO FAR/FCF Cluster Jalaprang Sidomukti, sidoluhur', '', '', '0000-00-00', '2018-07-27 03:35:22', 1, 4, 1, 2),
(24, 'JBR91', 'DGO FAV Jl. PRAMESTHA', '', '', '0000-00-00', '2018-07-27 03:35:22', 1, 4, 1, 2),
(25, 'JBR92', 'DGO FAW Komplek PPR ITB', '', '', '0000-00-00', '2018-07-27 03:35:22', 1, 4, 1, 1),
(26, 'JBR41', 'FBLSUKABIRUS', '', '', '0000-00-00', '2018-07-27 03:35:22', 1, 3, 1, 2),
(27, 'JBR78', 'FBMSUKAPURA', '', '', '0000-00-00', '2018-07-27 03:35:23', 1, 3, 1, 2),
(28, 'JBR37', 'FBNAPARTEMEN BUAH BATU', '', '', '0000-00-00', '2018-07-27 03:35:23', 1, 3, 1, 1),
(29, 'JBR50', 'FBNTERUSAN BATU NUNGGAL', '', '', '0000-00-00', '2018-07-27 03:35:23', 1, 3, 1, 2),
(30, 'JBR51', 'FBUMALL MTC', '', '', '0000-00-00', '2018-07-27 03:35:23', 1, 3, 1, 2),
(31, 'JBR48', 'FCECLUSTER BATU KARANG', '', '', '0000-00-00', '2018-07-27 03:35:23', 1, 3, 1, 2),
(32, 'JBR54', 'FCFMUSTIKA TOWN HOUSE RUKO', '', '', '0000-00-00', '2018-07-27 03:35:23', 1, 3, 1, 2),
(33, 'JBR38', 'FCGADIPURA CLUSTER TULIP', '', '', '0000-00-00', '2018-07-27 03:35:24', 1, 3, 1, 2),
(34, 'JBR80', 'FCGADIPURA CLUTER CEMPAKA', '', '', '0000-00-00', '2018-07-27 03:35:24', 1, 3, 1, 2),
(35, 'JBR44', 'FCQBATURADEN', '', '', '0000-00-00', '2018-07-27 03:35:24', 1, 3, 1, 2),
(36, 'JBR45', 'FCQJINGGA RESIDENCE', '', '', '0000-00-00', '2018-07-27 03:35:24', 1, 3, 1, 3),
(37, 'JBR79', 'FCVCIGANITRI PERTANIAN', '', '', '0000-00-00', '2018-07-27 03:35:24', 1, 3, 1, 2),
(38, 'JBR82', 'FCZKINAGARA', '', '', '0000-00-00', '2018-07-27 03:35:24', 1, 3, 1, 3),
(39, 'JBR47', 'FDACIGANITRI  ', '', '', '0000-00-00', '2018-07-27 03:35:25', 1, 3, 1, 2),
(40, 'JBR46', 'FDAPERMATA BUAH BATU 2', '', '', '0000-00-00', '2018-07-27 03:35:25', 1, 3, 1, 2),
(41, 'JBR40', 'FDBRIUNG BANDUNG', '', '', '0000-00-00', '2018-07-27 03:35:25', 1, 3, 1, 2),
(42, 'JBR42', 'FDFSEKELIMUS', '', '', '0000-00-00', '2018-07-27 03:35:25', 1, 3, 1, 3),
(43, 'JBR81', 'FDGBAHAGIA', '', '', '0000-00-00', '2018-07-27 03:35:25', 1, 3, 1, 3),
(44, 'JBR43', 'FDGMARGA CINTA', '', '', '0000-00-00', '2018-07-27 03:35:25', 1, 3, 1, 3),
(45, 'JBR49', 'FDJARIA UTAMA/DEPO BANGUNAN', '', '', '0000-00-00', '2018-07-27 03:35:26', 1, 3, 1, 2),
(46, 'JBR75', 'FDTPLUTO', '', '', '0000-00-00', '2018-07-27 03:35:26', 1, 3, 1, 2),
(47, 'JBR77', 'FDVBUMI KIRANA', '', '', '0000-00-00', '2018-07-27 03:35:26', 1, 3, 1, 2),
(48, 'JBR71', 'Gland Ciwastra', '', '', '0000-00-00', '2018-07-27 03:35:26', 1, 3, 1, 3),
(49, 'JBR13', 'Grand Panoramic Jl Pasir Impun', '', '', '0000-00-00', '2018-07-27 03:35:26', 1, 2, 1, 2),
(50, 'JBR69', 'GREEN GRANDE ', '', '', '0000-00-00', '2018-07-27 03:35:26', 1, 3, 1, 3),
(51, 'JBR72', 'JARDENA TOWN HOUSE', '', '', '0000-00-00', '2018-07-27 03:35:27', 1, 3, 1, 2),
(52, 'JBR89', 'Jl Tirta Nirwana', '', '', '0000-00-00', '2018-07-27 03:35:27', 1, 4, 1, 3),
(53, 'JBR76', 'Kamarasan', '', '', '0000-00-00', '2018-07-27 03:35:27', 1, 3, 1, 1),
(54, 'JBR162', 'Karasak Barat', '', '', '0000-00-00', '2018-07-27 03:35:27', 1, 9, 1, 2),
(55, 'JBR160', 'Karasak lama', '', '', '0000-00-00', '2018-07-27 03:35:27', 1, 9, 1, 3),
(56, 'JBR150', 'Kecamatan Conggeang', '', '', '0000-00-00', '2018-07-27 03:35:27', 1, 12, 1, 3),
(57, 'JBR151', 'Kecamatan Paseh', '', '', '0000-00-00', '2018-07-27 03:35:27', 1, 12, 1, 3),
(58, 'JBR169', 'Kiara Condong', '', '', '0000-00-00', '2018-07-27 03:35:28', 1, 10, 1, 2),
(59, 'JBR167', 'KOM PRANAYA', '', '', '0000-00-00', '2018-07-27 03:35:28', 1, 10, 1, 3),
(60, 'JBR87', 'Komp Alamanda', '', '', '0000-00-00', '2018-07-27 03:35:28', 1, 4, 1, 3),
(61, 'JBR105', 'KOMP AMANDA 2', '', '', '0000-00-00', '2018-07-27 03:35:28', 1, 5, 1, 3),
(62, 'JBR175', 'KOMP GRAND CILENGKRANG', '', '', '0000-00-00', '2018-07-27 03:35:28', 1, 11, 1, 3),
(63, 'JBR93', 'Komp Kampung Padi', '', '', '0000-00-00', '2018-07-27 03:35:28', 1, 4, 1, 3),
(64, 'JBR156', 'KOMP PANORAMA', '', '', '0000-00-00', '2018-07-27 03:35:29', 1, 8, 1, 3),
(65, 'JBR117', 'KOTA BANDUNG, CIUMBULEUIT, KIPUTIH, RANCABENTANG & JL CISATU', '', '', '0000-00-00', '2018-07-27 03:35:29', 1, 6, 1, 2),
(66, 'JBR107', 'KOTA BANDUNG, HASAN SADIKIN', '', '', '0000-00-00', '2018-07-27 03:35:29', 1, 6, 1, 2),
(67, 'JBR116', 'KOTA BANDUNG, HEGARMANAH, Gg PANJI,RT.3/3', '', '', '0000-00-00', '2018-07-27 03:35:29', 1, 6, 1, 3),
(68, 'JBR112', 'KOTA BANDUNG, SUKAJADI, SUKAGALIH, BABAKAN CARINGIN', '', '', '0000-00-00', '2018-07-27 03:35:29', 1, 6, 1, 3),
(69, 'JBR115', 'KOTA BANDUNG,CIUMBULEUIT,BUKIT RAYA ATAS', '', '', '0000-00-00', '2018-07-27 03:35:29', 1, 6, 1, 2),
(70, 'JBR108', 'KOTA BANDUNG,HEGARMANAH,CIUMBULEUIT,BUKIT INDAH 14', '', '', '0000-00-00', '2018-07-27 03:35:30', 1, 6, 1, 2),
(71, 'JBR111', 'KOTA BANDUNG,HEGARMANAH,SETIABUDI', '', '', '0000-00-00', '2018-07-27 03:35:30', 1, 6, 1, 1),
(72, 'JBR113', 'KOTA BANDUNG,PASTEUR,PASOPATI, GARUNGGANG KULON, SUKABUNGAH ', '', '', '0000-00-00', '2018-07-27 03:35:30', 1, 6, 1, 3),
(73, 'JBR109', 'KOTA BANDUNG,PASTEUR,SEMPURNA', '', '', '0000-00-00', '2018-07-27 03:35:30', 1, 6, 1, 1),
(74, 'JBR110', 'KOTA BANDUNG,SUKABUNGAH,Gg PA AHYA,Rt.05/Rw.04', '', '', '0000-00-00', '2018-07-27 03:35:30', 1, 6, 1, 3),
(75, 'JBR08', 'Margahayu Kencana', '', '', '0000-00-00', '2018-07-27 03:35:30', 1, 1, 1, 3),
(76, 'JBR05', 'Mekar Rahayu', '', '', '0000-00-00', '2018-07-27 03:35:31', 1, 1, 1, 3),
(77, 'JBR03', 'Mekarwangi Utama Jl Cibaduyut', '', '', '0000-00-00', '2018-07-27 03:35:31', 1, 1, 1, 3),
(78, 'JBR103', 'MULYASARI ; SUKAMULYA REGENCI', '', '', '0000-00-00', '2018-07-27 03:35:31', 1, 5, 1, 3),
(79, 'JBR21', 'Padasuka Park JL Padasuka', '', '', '0000-00-00', '2018-07-27 03:35:31', 1, 2, 1, 1),
(80, 'JBR10', 'Permata Kopo 1', '', '', '0000-00-00', '2018-07-27 03:35:31', 1, 1, 1, 3),
(81, 'JBR62', 'Pesona Cigantri', '', '', '0000-00-00', '2018-07-27 03:35:31', 1, 3, 1, 2),
(82, 'JBR60', 'Pesona Ciwastra Village Jl Ciwastra', '', '', '0000-00-00', '2018-07-27 03:35:32', 1, 3, 1, 1),
(83, 'JBR172', 'Pondok Mulya Melatiwangi', '', '', '0000-00-00', '2018-07-27 03:35:32', 1, 11, 1, 1),
(84, 'JBR65', 'RANCA CILI', '', '', '0000-00-00', '2018-07-27 03:35:32', 1, 3, 1, 2),
(85, 'JBR67', 'Ranca Oray', '', '', '0000-00-00', '2018-07-27 03:35:32', 1, 3, 1, 2),
(86, 'JBR12', 'Rancamanyar Regency', '', '', '0000-00-00', '2018-07-27 03:35:32', 1, 1, 1, 3),
(87, 'JBR11', 'Rancamanyar Regency II', '', '', '0000-00-00', '2018-07-27 03:35:32', 1, 1, 1, 3),
(88, 'JBR102', 'Sariwangi Regency', '', '', '0000-00-00', '2018-07-27 03:35:33', 1, 5, 1, 3),
(89, 'JBR96', 'Setra Duta Jl Setra Duta', '', '', '0000-00-00', '2018-07-27 03:35:33', 1, 5, 1, 1),
(90, 'JBR98', 'Setraduta Cluster DAGO', '', '', '0000-00-00', '2018-07-27 03:35:33', 1, 5, 1, 1),
(91, 'JBR97', 'Sukadamai', '', '', '0000-00-00', '2018-07-27 03:35:33', 1, 5, 1, 3),
(92, 'JBR09', 'Sukamenak Regency, Jl. Sukamenak', '', '', '0000-00-00', '2018-07-27 03:35:33', 1, 1, 1, 3),
(93, 'JBR104', 'SUKAMULYA PDAM', '', '', '0000-00-00', '2018-07-27 03:35:33', 1, 5, 1, 1),
(94, 'JBR1216', '1 KOPO Taman Kopo Indah I Blok B 80', '', '', '0000-00-00', '2018-07-27 03:35:33', 1, 1, 2, 3),
(95, 'JBR1217', '2 KOPO Permata Kopo II Blok G2 40', '', '', '0000-00-00', '2018-07-27 03:35:34', 1, 1, 2, 3),
(96, 'JBR1218', '3 KOPO Emerald Residence 40', '', '', '0000-00-00', '2018-07-27 03:35:34', 1, 1, 2, 3),
(97, 'JBR1219', '4 KOPO Permata Kopo III Blok Belakang 40', '', '', '0000-00-00', '2018-07-27 03:35:34', 1, 1, 2, 3),
(98, 'JBR1220', '5 KOPO Topindo Regency 112', '', '', '0000-00-00', '2018-07-27 03:35:34', 1, 1, 2, 1),
(99, 'JBR1221', '6 KOPO Perumahan Gg P Adin RT 6/16 Desa Sukamenak 80', '', '', '0000-00-00', '2018-07-27 03:35:34', 1, 1, 2, 3),
(100, 'JBR1222', '7 KOPO Graha Cibaduyut Asri, JL.Cibogo Desa Cangkuang Kulon 60', '', '', '0000-00-00', '2018-07-27 03:35:34', 1, 1, 2, 3),
(101, 'JBR39', 'Antabaru', '', '', '0000-00-00', '2018-07-27 03:35:34', 1, 3, 2, 1),
(102, 'JBR1205', 'ANTAPANI CITY MAS', '', '', '0000-00-00', '2018-07-27 03:35:35', 1, 2, 2, 1),
(103, 'JBR1207', 'BCV 2 Tambahan 120 Port', '', '', '0000-00-00', '2018-07-27 03:35:35', 1, 11, 2, 1),
(104, 'JBR1203', 'Buah Batu Centrum', '', '', '0000-00-00', '2018-07-27 03:35:35', 1, 3, 2, 3),
(105, 'JBR385', 'Cluster Grand Mansion Residence', '', '', '0000-00-00', '2018-07-27 03:35:35', 1, 12, 2, 3),
(106, 'JBR157', 'Cluster Handayani', '', '', '0000-00-00', '2018-07-27 03:35:35', 1, 8, 2, 3),
(107, 'JBR386', 'Cluster Ibnu Sina', '', '', '0000-00-00', '2018-07-27 03:35:35', 1, 12, 2, 3),
(108, 'JBR158', 'Cluster Panorama', '', '', '0000-00-00', '2018-07-27 03:35:36', 1, 8, 2, 2),
(109, 'JBR01', 'Cluster Rancamanyar', '', '', '0000-00-00', '2018-07-27 03:35:36', 1, 1, 2, 3),
(110, 'JBR148', 'Cluster/Perumahan Jasmin', '', '', '0000-00-00', '2018-07-27 03:35:36', 1, 12, 2, 3),
(111, 'JBR311', 'FBQKAWASAN INDUSTRI', '', '', '0000-00-00', '2018-07-27 03:35:36', 1, 3, 2, 3),
(112, 'JBR56', 'FDCRatnamah', '', '', '0000-00-00', '2018-07-27 03:35:36', 1, 3, 2, 1),
(113, 'JBR323', 'FDCSURYAMAS', '', '', '0000-00-00', '2018-07-27 03:35:36', 1, 3, 2, 1),
(114, 'JBR55', 'FDKMARGAHAYU TOWN HOUSE', '', '', '0000-00-00', '2018-07-27 03:35:36', 1, 3, 2, 1),
(115, 'JBR1214', 'GCA 1 16 LANTAI Tambahan', '', '', '0000-00-00', '2018-07-27 03:35:37', 1, 6, 2, 2),
(116, 'JBR280', 'Grand Imperial Jl Cikoneng', '', '', '0000-00-00', '2018-07-27 03:35:37', 1, 3, 2, 4),
(117, 'JBR282', 'Griya Indah Cikoneng Jl Cikoneng', '', '', '0000-00-00', '2018-07-27 03:35:37', 1, 3, 2, 1),
(118, 'JBR1215', 'JL Cikoneng Bojongsoang Asri', '', '', '0000-00-00', '2018-07-27 03:35:37', 1, 3, 2, 3),
(119, 'JBR171', 'Jl.Soekarno Hatta-Perhutani-Kantor pajak(Depag)', '', '', '0000-00-00', '2018-07-27 03:35:37', 1, 11, 2, 1),
(120, 'JBR155', 'Kecamatan Tanjung Kerta', '', '', '0000-00-00', '2018-07-27 03:35:37', 1, 12, 2, 2),
(121, 'JBR154', 'Kecamtan Buah Dua', '', '', '0000-00-00', '2018-07-27 03:35:38', 1, 12, 2, 1),
(122, 'JBR1230', 'KOMP BCV 2', '', '', '0000-00-00', '2018-07-27 03:35:38', 1, 11, 2, 3),
(123, 'JBR178', 'KOMP CIBIRU ASRI TAHAP 2', '', '', '0000-00-00', '2018-07-27 03:35:38', 1, 11, 2, 1),
(124, 'JBR02', 'Kopo Mas Regency', '', '', '0000-00-00', '2018-07-27 03:35:38', 1, 1, 2, 3),
(125, 'JBR159', 'KP SIMPANG ', '', '', '0000-00-00', '2018-07-27 03:35:38', 1, 8, 2, 1),
(126, 'JBR164', 'Mekarwangi & Mekarasih', '', '', '0000-00-00', '2018-07-27 03:35:38', 1, 9, 2, 3),
(127, 'JBR1229', 'MTC MALL 1-6', '', '', '0000-00-00', '2018-07-27 03:35:38', 1, 3, 2, 3),
(128, 'JBR170', 'Polda Jabar', '', '', '0000-00-00', '2018-07-27 03:35:38', 1, 11, 2, 2),
(129, 'JBR1204', 'PURI DAGO', '', '', '0000-00-00', '2018-07-27 03:35:39', 1, 4, 2, 1),
(130, 'JBR257', 'Puri dago Mas Jl Raya Cibodas Antapani', '', '', '0000-00-00', '2018-07-27 03:35:39', 1, 2, 2, 1),
(131, 'JBR1213', 'Sekitar PT.PLN (Persero) Rayon Prima Priangan', '', '', '0000-00-00', '2018-07-27 03:35:39', 1, 9, 2, 3),
(132, 'JBR147', 'Situraja(Mini-OLT)', '', '', '0000-00-00', '2018-07-27 03:35:39', 1, 12, 2, 3),
(133, 'JBR331', 'SUKABIRUS', '', '', '0000-00-00', '2018-07-27 03:35:39', 1, 3, 2, 3),
(134, 'JBR274', 'SUKAPURA', '', '', '0000-00-00', '2018-07-27 03:35:39', 1, 3, 2, 3),
(135, 'JBR149', 'Villa Pajajaran', '', '', '0000-00-00', '2018-07-27 03:35:40', 1, 12, 2, 2),
(136, 'JBR186', 'CILAME PERMAI', '', '', '0000-00-00', '2018-07-27 03:35:40', 3, 30, 1, 3),
(137, 'JBR122', 'Cluster Permata Hijo', '', '', '0000-00-00', '2018-07-27 03:35:40', 3, 27, 1, 3),
(138, 'JBR188', 'JALAN JAYA GIRI LEMBANG', '', '', '0000-00-00', '2018-07-27 03:35:40', 3, 22, 1, 2),
(139, 'JBR131', 'JL DANGDEUR KAUM -  WALINI ', '', '', '0000-00-00', '2018-07-27 03:35:40', 3, 27, 1, 3),
(140, 'JBR33', 'Jl H Bardaan CIKOPO', '', '', '0000-00-00', '2018-07-27 03:35:41', 3, 15, 1, 3),
(141, 'JBR34', 'Jl Raya Cicalengka Timur ( Sebelah timur Pintu Kereta api )', '', '', '0000-00-00', '2018-07-27 03:35:41', 3, 15, 1, 3),
(142, 'JBR126', 'Jl Raya Cikuda (Apartemen & Pondokan Maulana) ', '', '', '0000-00-00', '2018-07-27 03:35:41', 3, 27, 1, 3),
(143, 'JBR130', 'JL RAYA JATINANGOR CIROMED', '', '', '0000-00-00', '2018-07-27 03:35:41', 3, 27, 1, 1),
(144, 'JBR135', 'JL RAYA RCK - CLK ( DANGDEUR )', '', '', '0000-00-00', '2018-07-27 03:35:41', 3, 27, 1, 3),
(145, 'JBR134', 'JL RAYA RCK DANGDEUR DEPAN STO RCK', '', '', '0000-00-00', '2018-07-27 03:35:41', 3, 27, 1, 3),
(146, 'JBR123', 'Jl Ry RCK - Grt  (jl dangdeur  sd BNI  /Sebrang selatan )', '', '', '0000-00-00', '2018-07-27 03:35:42', 3, 27, 1, 3),
(147, 'JBR132', 'JL TALUN ', '', '', '0000-00-00', '2018-07-27 03:35:42', 3, 27, 1, 3),
(148, 'JBR30', 'Kecamatan Cikancung ( Jl Raya Cikancung )', '', '', '0000-00-00', '2018-07-27 03:35:42', 3, 15, 1, 1),
(149, 'JBR31', 'Komp EL GREEN', '', '', '0000-00-00', '2018-07-27 03:35:42', 3, 15, 1, 1),
(150, 'JBR32', 'KOMP GANDARA ASRI SINDANG PAKOWON', '', '', '0000-00-00', '2018-07-27 03:35:42', 3, 15, 1, 3),
(151, 'JBR187', 'KOMP PUSDIK AJEN', '', '', '0000-00-00', '2018-07-27 03:35:42', 3, 22, 1, 2),
(152, 'JBR128', 'KOMP TAMAN CILEUNYI', '', '', '0000-00-00', '2018-07-27 03:35:43', 3, 27, 1, 3),
(153, 'JBR189', 'KOMPLEK PEMDA JABAR 2 CIBEBER', '', '', '0000-00-00', '2018-07-27 03:35:43', 3, 24, 1, 3),
(154, 'JBR182', 'Penarikan Distribusi ODP Cluster Graha Pelangi', '', '', '0000-00-00', '2018-07-27 03:35:43', 3, 13, 1, 3),
(155, 'JBR184', 'Penarikan Distribusi ODP Cluster Puri Matahari', '', '', '0000-00-00', '2018-07-27 03:35:43', 3, 13, 1, 3),
(156, 'JBR180', 'Penarikan Distribusi ODP Cluster Sindang Panom Indah', '', '', '0000-00-00', '2018-07-27 03:35:43', 3, 13, 1, 2),
(157, 'JBR181', 'Penarikan Distribusi ODP Cluster Vimer Residence', '', '', '0000-00-00', '2018-07-27 03:35:43', 3, 13, 1, 2),
(158, 'JBR179', 'Penarikan distribusi ODP lokasi Jl. Wiranata Kusumah Baleendah & sekitarnya', '', '', '0000-00-00', '2018-07-27 03:35:43', 3, 13, 1, 3),
(159, 'JBR183', 'Penarikan Distribusi ODP Taman Baleendah Mas', '', '', '0000-00-00', '2018-07-27 03:35:44', 3, 13, 1, 3),
(160, 'JBR129', 'Perempatan Cileles ( samping ADEDE )', '', '', '0000-00-00', '2018-07-27 03:35:44', 3, 27, 1, 3),
(161, 'JBR125', 'Pondokan Awani', '', '', '0000-00-00', '2018-07-27 03:35:44', 3, 27, 1, 3),
(162, 'JBR404', 'BDB,BJA,FTTH,SANGGAR INDAH BNJARAN,208HP', '', '', '0000-00-00', '2018-07-27 03:35:44', 3, 13, 2, 3),
(163, 'JBR36', 'Cluster Cengkeh', '', '', '0000-00-00', '2018-07-27 03:35:44', 3, 15, 2, 1),
(164, 'JBR35', 'Cluster Grand Kareumbi Nagreg ( Sebrang Yonif )', '', '', '0000-00-00', '2018-07-27 03:35:44', 3, 15, 2, 1),
(165, 'JBR143', 'CLUSTER JATI CILEUNYI', '', '', '0000-00-00', '2018-07-27 03:35:45', 3, 27, 2, 3);

--
-- Indexes for dumped tables
--

--
-- Indexes for table `bast`
--
ALTER TABLE `bast`
  ADD PRIMARY KEY (`BAST_ID`);

--
-- Indexes for table `instalasi`
--
ALTER TABLE `instalasi`
  ADD PRIMARY KEY (`INST_ID`);

--
-- Indexes for table `level`
--
ALTER TABLE `level`
  ADD PRIMARY KEY (`LEVE_ID`);

--
-- Indexes for table `mitra`
--
ALTER TABLE `mitra`
  ADD PRIMARY KEY (`MTRA_ID`);

--
-- Indexes for table `pegawai`
--
ALTER TABLE `pegawai`
  ADD PRIMARY KEY (`PEGA_ID`);

--
-- Indexes for table `program`
--
ALTER TABLE `program`
  ADD PRIMARY KEY (`PROG_ID`);

--
-- Indexes for table `sp_mitra`
--
ALTER TABLE `sp_mitra`
  ADD PRIMARY KEY (`SPMT_ID`);

--
-- Indexes for table `sp_telkom`
--
ALTER TABLE `sp_telkom`
  ADD PRIMARY KEY (`SPTL_ID`);

--
-- Indexes for table `status`
--
ALTER TABLE `status`
  ADD PRIMARY KEY (`STAT_ID`);

--
-- Indexes for table `sub_witel`
--
ALTER TABLE `sub_witel`
  ADD PRIMARY KEY (`SWIT_ID`);

--
-- Indexes for table `survey`
--
ALTER TABLE `survey`
  ADD PRIMARY KEY (`SURV_ID`);

--
-- Indexes for table `user`
--
ALTER TABLE `user`
  ADD PRIMARY KEY (`USER_ID`);

--
-- Indexes for table `witel`
--
ALTER TABLE `witel`
  ADD PRIMARY KEY (`WTEL_ID`);

--
-- Indexes for table `work_order`
--
ALTER TABLE `work_order`
  ADD PRIMARY KEY (`WODE_ID`);

--
-- AUTO_INCREMENT for dumped tables
--

--
-- AUTO_INCREMENT for table `bast`
--
ALTER TABLE `bast`
  MODIFY `BAST_ID` int(11) NOT NULL AUTO_INCREMENT;

--
-- AUTO_INCREMENT for table `instalasi`
--
ALTER TABLE `instalasi`
  MODIFY `INST_ID` int(11) NOT NULL AUTO_INCREMENT, AUTO_INCREMENT=159;

--
-- AUTO_INCREMENT for table `level`
--
ALTER TABLE `level`
  MODIFY `LEVE_ID` int(11) NOT NULL AUTO_INCREMENT, AUTO_INCREMENT=6;

--
-- AUTO_INCREMENT for table `mitra`
--
ALTER TABLE `mitra`
  MODIFY `MTRA_ID` int(11) NOT NULL AUTO_INCREMENT, AUTO_INCREMENT=3;

--
-- AUTO_INCREMENT for table `pegawai`
--
ALTER TABLE `pegawai`
  MODIFY `PEGA_ID` int(11) NOT NULL AUTO_INCREMENT, AUTO_INCREMENT=225;

--
-- AUTO_INCREMENT for table `program`
--
ALTER TABLE `program`
  MODIFY `PROG_ID` int(11) NOT NULL AUTO_INCREMENT, AUTO_INCREMENT=3;

--
-- AUTO_INCREMENT for table `sp_mitra`
--
ALTER TABLE `sp_mitra`
  MODIFY `SPMT_ID` int(11) NOT NULL AUTO_INCREMENT;

--
-- AUTO_INCREMENT for table `sp_telkom`
--
ALTER TABLE `sp_telkom`
  MODIFY `SPTL_ID` int(11) NOT NULL AUTO_INCREMENT;

--
-- AUTO_INCREMENT for table `status`
--
ALTER TABLE `status`
  MODIFY `STAT_ID` int(11) NOT NULL AUTO_INCREMENT, AUTO_INCREMENT=5;

--
-- AUTO_INCREMENT for table `sub_witel`
--
ALTER TABLE `sub_witel`
  MODIFY `SWIT_ID` int(11) NOT NULL AUTO_INCREMENT, AUTO_INCREMENT=125;

--
-- AUTO_INCREMENT for table `survey`
--
ALTER TABLE `survey`
  MODIFY `SURV_ID` int(11) NOT NULL AUTO_INCREMENT, AUTO_INCREMENT=159;

--
-- AUTO_INCREMENT for table `user`
--
ALTER TABLE `user`
  MODIFY `USER_ID` int(11) NOT NULL AUTO_INCREMENT, AUTO_INCREMENT=2;

--
-- AUTO_INCREMENT for table `witel`
--
ALTER TABLE `witel`
  MODIFY `WTEL_ID` int(11) NOT NULL AUTO_INCREMENT, AUTO_INCREMENT=12;

--
-- AUTO_INCREMENT for table `work_order`
--
ALTER TABLE `work_order`
  MODIFY `WODE_ID` int(11) NOT NULL AUTO_INCREMENT, AUTO_INCREMENT=166;
COMMIT;

/*!40101 SET CHARACTER_SET_CLIENT=@OLD_CHARACTER_SET_CLIENT */;
/*!40101 SET CHARACTER_SET_RESULTS=@OLD_CHARACTER_SET_RESULTS */;
/*!40101 SET COLLATION_CONNECTION=@OLD_COLLATION_CONNECTION */;
